Image,Gold,Own ResNet50,VGG16,Imagenet ResNet50
Img-1.jpg,buffalo,ox,buffalo,bison
Img-2.jpg,siamese+cat,siamese+cat,squirrel,mink
Img-3.jpg,rhinoceros,rhinoceros,antelope,brown_bear
Img-4.jpg,raccoon,raccoon,chihuahua,otter
Img-5.jpg,mole,beaver,bat,warthog
Img-6.jpg,seal,seal,seal,timber_wolf
Img-7.jpg,moose,moose,weasel,bison
Img-8.jpg,horse,antelope,horse,Siamese_cat
Img-9.jpg,buffalo,ox,horse,marmot
Img-10.jpg,dalmatian,dalmatian,dalmatian,llama
Img-11.jpg,ox,ox,ox,sorrel
Img-12.jpg,persian+cat,siamese+cat,rat,badger
Img-13.jpg,antelope,antelope,antelope,otter
Img-14.jpg,seal,seal,seal,killer_whale
Img-15.jpg,seal,seal,seal,brown_bear
Img-16.jpg,weasel,killer+whale,raccoon,ox
Img-17.jpg,german+shepherd,german+shepherd,chimpanzee,hippopotamus
Img-18.jpg,grizzly+bear,grizzly+bear,bobcat,collie
Img-19.jpg,moose,moose,hippopotamus,killer_whale
Img-20.jpg,buffalo,ox,buffalo,otter
Img-21.jpg,collie,collie,rat,weasel
Img-22.jpg,rhinoceros,rhinoceros,rhinoceros,fox_squirrel
Img-23.jpg,dalmatian,dalmatian,dalmatian,ant
Img-24.jpg,dalmatian,dalmatian,dalmatian,impala
Img-25.jpg,persian+cat,siamese+cat,persian+cat,Arctic_fox
Img-26.jpg,persian+cat,persian+cat,persian+cat,brown_bear
Img-27.jpg,persian+cat,persian+cat,siamese+cat,bison
Img-28.jpg,squirrel,weasel,squirrel,dalmatian
Img-29.jpg,persian+cat,persian+cat,persian+cat,hamster
Img-30.jpg,raccoon,wolf,raccoon,marmot
Img-31.jpg,wolf,wolf,chimpanzee,Siamese_cat
Img-32.jpg,buffalo,ox,buffalo,hay
Img-33.jpg,hippopotamus,hippopotamus,bat,dalmatian
Img-34.jpg,siamese+cat,siamese+cat,persian+cat,Arabian_camel
Img-35.jpg,otter,otter,weasel,timber_wolf
Img-36.jpg,squirrel,weasel,squirrel,water_buffalo
Img-37.jpg,wolf,wolf,chimpanzee,grey_whale
Img-38.jpg,antelope,moose,antelope,sea_lion
Img-39.jpg,german+shepherd,german+shepherd,wolf,gazelle
Img-40.jpg,bat,bobcat,german+shepherd,sea_lion
Img-41.jpg,dalmatian,dalmatian,horse,ox
Img-42.jpg,collie,collie,horse,bison
Img-43.jpg,moose,moose,horse,hippopotamus
Img-44.jpg,siamese+cat,siamese+cat,grizzly+bear,bison
Img-45.jpg,horse,antelope,horse,beaver
Img-46.jpg,grizzly+bear,grizzly+bear,seal,Siamese_cat
Img-47.jpg,horse,antelope,horse,timber_wolf
Img-48.jpg,bobcat,bobcat,bobcat,koala
Img-49.jpg,german+shepherd,german+shepherd,squirrel,teddy
Img-50.jpg,dalmatian,dalmatian,german+shepherd,grey_fox
Img-51.jpg,moose,moose,wolf,clumber
Img-52.jpg,chihuahua,chihuahua,chihuahua,standard_schnauzer
Img-53.jpg,collie,collie,otter,gorilla
Img-54.jpg,buffalo,ox,buffalo,hippopotamus
Img-55.jpg,buffalo,ox,buffalo,bison
Img-56.jpg,horse,antelope,horse,hippopotamus
Img-57.jpg,collie,collie,ox,bison
Img-58.jpg,horse,antelope,horse,Persian_cat
Img-59.jpg,ox,ox,buffalo,dalmatian
Img-60.jpg,horse,antelope,horse,American_black_bear
Img-61.jpg,raccoon,wolf,hippopotamus,cocker_spaniel
Img-62.jpg,killer+whale,killer+whale,killer+whale,otter
Img-63.jpg,raccoon,wolf,squirrel,gorilla
Img-64.jpg,hippopotamus,hippopotamus,squirrel,tick
Img-65.jpg,horse,antelope,ox,bison
Img-66.jpg,antelope,moose,antelope,sea_lion
Img-67.jpg,horse,antelope,horse,Arabian_camel
Img-68.jpg,horse,antelope,grizzly+bear,Border_collie
Img-69.jpg,collie,collie,dalmatian,spider_monkey
Img-70.jpg,moose,moose,german+shepherd,chimpanzee
Img-71.jpg,seal,seal,seal,sorrel
Img-72.jpg,antelope,moose,antelope,chimpanzee
Img-73.jpg,spider+monkey,spider+monkey,chimpanzee,warthog
Img-74.jpg,horse,antelope,horse,lynx
Img-75.jpg,collie,collie,german+shepherd,polecat
Img-76.jpg,wolf,wolf,siamese+cat,timber_wolf
Img-77.jpg,persian+cat,persian+cat,german+shepherd,Siamese_cat
Img-78.jpg,collie,collie,dalmatian,Pomeranian
Img-79.jpg,antelope,moose,antelope,sorrel
Img-80.jpg,grizzly+bear,grizzly+bear,squirrel,weasel
Img-81.jpg,otter,otter,rat,malamute
Img-82.jpg,seal,seal,seal,sea_lion
Img-83.jpg,antelope,moose,rhinoceros,brown_bear
Img-84.jpg,persian+cat,persian+cat,persian+cat,German_shepherd
Img-85.jpg,buffalo,ox,grizzly+bear,hair_spray
Img-86.jpg,ox,ox,german+shepherd,dalmatian
Img-87.jpg,antelope,moose,antelope,vulture
Img-88.jpg,beaver,beaver,persian+cat,lynx
Img-89.jpg,squirrel,weasel,horse,echidna
Img-90.jpg,siamese+cat,siamese+cat,collie,gazelle
Img-91.jpg,collie,collie,dalmatian,timber_wolf
Img-92.jpg,hippopotamus,hippopotamus,ox,dalmatian
Img-93.jpg,hippopotamus,hippopotamus,buffalo,grey_fox
Img-94.jpg,hippopotamus,hippopotamus,hippopotamus,gazelle
Img-95.jpg,german+shepherd,german+shepherd,german+shepherd,gorilla
Img-96.jpg,horse,antelope,horse,German_shepherd
Img-97.jpg,antelope,moose,antelope,Arabian_camel
Img-98.jpg,seal,seal,seal,malinois
Img-99.jpg,raccoon,wolf,dalmatian,briard
Img-100.jpg,wolf,wolf,squirrel,otter
Img-101.jpg,moose,moose,buffalo,timber_wolf
Img-102.jpg,rhinoceros,rhinoceros,rhinoceros,lynx
Img-103.jpg,ox,ox,horse,bison
Img-104.jpg,persian+cat,persian+cat,persian+cat,mousetrap
Img-105.jpg,raccoon,wolf,raccoon,hippopotamus
Img-106.jpg,ox,ox,grizzly+bear,groenendael
Img-107.jpg,chimpanzee,spider+monkey,chimpanzee,hartebeest
Img-108.jpg,otter,otter,otter,standard_schnauzer
Img-109.jpg,horse,antelope,rat,worm_fence
Img-110.jpg,chihuahua,chihuahua,squirrel,fox_squirrel
Img-111.jpg,buffalo,ox,buffalo,bison
Img-112.jpg,german+shepherd,german+shepherd,horse,malinois
Img-113.jpg,seal,seal,squirrel,warthog
Img-114.jpg,rhinoceros,rhinoceros,rhinoceros,Arabian_camel
Img-115.jpg,buffalo,ox,buffalo,German_shepherd
Img-116.jpg,horse,antelope,horse,Great_Dane
Img-117.jpg,otter,otter,otter,sombrero
Img-118.jpg,killer+whale,killer+whale,walrus,brown_bear
Img-119.jpg,ox,ox,buffalo,fox_squirrel
Img-120.jpg,walrus,seal,german+shepherd,sea_lion
Img-121.jpg,seal,seal,seal,shield
Img-122.jpg,collie,collie,grizzly+bear,killer_whale
Img-123.jpg,horse,antelope,collie,lynx
Img-124.jpg,seal,seal,hippopotamus,fox_squirrel
Img-125.jpg,beaver,beaver,otter,wombat
Img-126.jpg,antelope,moose,antelope,chimpanzee
Img-127.jpg,rat,mouse,otter,basenji
Img-128.jpg,buffalo,ox,buffalo,Siamese_cat
Img-129.jpg,raccoon,wolf,spider+monkey,water_buffalo
Img-130.jpg,siamese+cat,siamese+cat,persian+cat,hippopotamus
Img-131.jpg,seal,seal,seal,gazelle
Img-132.jpg,squirrel,weasel,squirrel,Chihuahua
Img-133.jpg,rat,mouse,weasel,English_setter
Img-134.jpg,wolf,wolf,raccoon,Persian_cat
Img-135.jpg,german+shepherd,german+shepherd,horse,baboon
Img-136.jpg,grizzly+bear,grizzly+bear,ox,bison
Img-137.jpg,german+shepherd,german+shepherd,mouse,dalmatian
Img-138.jpg,collie,collie,squirrel,fox_squirrel
Img-139.jpg,horse,antelope,horse,bison
Img-140.jpg,german+shepherd,german+shepherd,rat,fox_squirrel
Img-141.jpg,german+shepherd,german+shepherd,horse,water_ouzel
Img-142.jpg,antelope,moose,chihuahua,wallaby
Img-143.jpg,ox,ox,horse,Arabian_camel
Img-144.jpg,squirrel,squirrel,hippopotamus,kelpie
Img-145.jpg,antelope,moose,antelope,fox_squirrel
Img-146.jpg,horse,antelope,chimpanzee,bison
Img-147.jpg,hippopotamus,hippopotamus,horse,hyena
Img-148.jpg,otter,otter,otter,mongoose
Img-149.jpg,wolf,wolf,collie,oxcart
Img-150.jpg,horse,horse,horse,otter
Img-151.jpg,moose,moose,moose,fox_squirrel
Img-152.jpg,chihuahua,chihuahua,siamese+cat,dalmatian
Img-153.jpg,bat,bobcat,bat,gazelle
Img-154.jpg,squirrel,squirrel,squirrel,Border_collie
Img-155.jpg,otter,otter,squirrel,coyote
Img-156.jpg,mouse,mouse,squirrel,window_screen
Img-157.jpg,antelope,moose,antelope,bison
Img-158.jpg,ox,ox,ox,fox_squirrel
Img-159.jpg,bat,bobcat,hippopotamus,hippopotamus
Img-160.jpg,rhinoceros,wolf,rhinoceros,Border_collie
Img-161.jpg,spider+monkey,spider+monkey,squirrel,otter
Img-162.jpg,wolf,wolf,horse,fox_squirrel
Img-163.jpg,siamese+cat,siamese+cat,siamese+cat,German_shepherd
Img-164.jpg,buffalo,ox,buffalo,fox_squirrel
Img-165.jpg,bobcat,bobcat,chihuahua,malinois
Img-166.jpg,grizzly+bear,grizzly+bear,grizzly+bear,bison
Img-167.jpg,moose,moose,antelope,sorrel
Img-168.jpg,collie,collie,siamese+cat,chimpanzee
Img-169.jpg,antelope,moose,antelope,bison
Img-170.jpg,seal,seal,seal,sorrel
Img-171.jpg,hippopotamus,hippopotamus,buffalo,mink
Img-172.jpg,spider+monkey,spider+monkey,moose,platypus
Img-173.jpg,ox,ox,ox,leatherback_turtle
Img-174.jpg,horse,horse,horse,hippopotamus
Img-175.jpg,hippopotamus,hippopotamus,hippopotamus,ox
Img-176.jpg,grizzly+bear,grizzly+bear,rat,Siamese_cat
Img-177.jpg,spider+monkey,spider+monkey,moose,hog
Img-178.jpg,bobcat,bobcat,horse,gazelle
Img-179.jpg,squirrel,squirrel,persian+cat,dalmatian
Img-180.jpg,horse,horse,horse,sea_lion
Img-181.jpg,wolf,wolf,moose,chimpanzee
Img-182.jpg,horse,horse,buffalo,bison
Img-183.jpg,raccoon,wolf,dalmatian,Pomeranian
Img-184.jpg,chimpanzee,spider+monkey,bobcat,water_buffalo
Img-185.jpg,rat,mouse,hippopotamus,fox_squirrel
Img-186.jpg,moose,moose,horse,chimpanzee
Img-187.jpg,seal,seal,seal,sea_lion
Img-188.jpg,antelope,moose,antelope,triceratops
Img-189.jpg,squirrel,squirrel,bat,ox
Img-190.jpg,antelope,moose,antelope,bison
Img-191.jpg,moose,moose,otter,Border_collie
Img-192.jpg,ox,ox,ox,fox_squirrel
Img-193.jpg,squirrel,squirrel,squirrel,bison
Img-194.jpg,dalmatian,dalmatian,dalmatian,sea_lion
Img-195.jpg,bobcat,bobcat,grizzly+bear,mongoose
Img-196.jpg,rhinoceros,wolf,rhinoceros,bison
Img-197.jpg,persian+cat,persian+cat,persian+cat,Persian_cat
Img-198.jpg,dalmatian,dalmatian,bobcat,water_buffalo
Img-199.jpg,buffalo,ox,ox,otter
Img-200.jpg,horse,horse,ox,baboon
Img-201.jpg,horse,horse,horse,gazelle
Img-202.jpg,seal,seal,raccoon,cowboy_hat
Img-203.jpg,raccoon,wolf,moose,corn
Img-204.jpg,seal,seal,seal,Border_terrier
Img-205.jpg,seal,seal,seal,bison
Img-206.jpg,buffalo,ox,ox,dalmatian
Img-207.jpg,horse,horse,dalmatian,dalmatian
Img-208.jpg,seal,seal,seal,fox_squirrel
Img-209.jpg,horse,horse,horse,schipperke
Img-210.jpg,squirrel,squirrel,squirrel,hippopotamus
Img-211.jpg,raccoon,wolf,weasel,hippopotamus
Img-212.jpg,german+shepherd,german+shepherd,collie,Indian_elephant
Img-213.jpg,siamese+cat,siamese+cat,grizzly+bear,chimpanzee
Img-214.jpg,chihuahua,chihuahua,chihuahua,wire-haired_fox_terrier
Img-215.jpg,buffalo,ox,ox,common_iguana
Img-216.jpg,mouse,mouse,squirrel,Persian_cat
Img-217.jpg,bat,bobcat,bat,water_buffalo
Img-218.jpg,persian+cat,persian+cat,hippopotamus,sorrel
Img-219.jpg,persian+cat,persian+cat,persian+cat,Chesapeake_Bay_retriever
Img-220.jpg,hippopotamus,hippopotamus,hippopotamus,howler_monkey
Img-221.jpg,chimpanzee,spider+monkey,moose,common_iguana
Img-222.jpg,bobcat,bobcat,bobcat,Saint_Bernard
Img-223.jpg,squirrel,squirrel,antelope,bison
Img-224.jpg,horse,horse,horse,platypus
Img-225.jpg,bat,bobcat,bobcat,Siamese_cat
Img-226.jpg,persian+cat,persian+cat,grizzly+bear,soccer_ball
Img-227.jpg,squirrel,squirrel,squirrel,chimpanzee
Img-228.jpg,rhinoceros,wolf,rhinoceros,German_shepherd
Img-229.jpg,beaver,beaver,raccoon,Scottish_deerhound
Img-230.jpg,seal,seal,seal,ox
Img-231.jpg,siamese+cat,siamese+cat,persian+cat,Persian_cat
Img-232.jpg,squirrel,squirrel,rat,koala
Img-233.jpg,moose,moose,moose,African_elephant
Img-234.jpg,persian+cat,persian+cat,persian+cat,tick
Img-235.jpg,seal,seal,chimpanzee,Border_collie
Img-236.jpg,collie,collie,collie,chimpanzee
Img-237.jpg,wolf,wolf,moose,otter
Img-238.jpg,otter,otter,beaver,Siamese_cat
Img-239.jpg,buffalo,ox,buffalo,Persian_cat
Img-240.jpg,persian+cat,persian+cat,bat,mongoose
Img-241.jpg,german+shepherd,german+shepherd,german+shepherd,dalmatian
Img-242.jpg,collie,collie,grizzly+bear,lynx
Img-243.jpg,bat,bobcat,horse,impala
Img-244.jpg,squirrel,squirrel,bat,miniature_pinscher
Img-245.jpg,bobcat,bobcat,bobcat,Chesapeake_Bay_retriever
Img-246.jpg,wolf,wolf,mouse,sea_lion
Img-247.jpg,chimpanzee,spider+monkey,ox,coyote
Img-248.jpg,otter,otter,squirrel,gazelle
Img-249.jpg,siamese+cat,siamese+cat,walrus,collie
Img-250.jpg,chihuahua,chihuahua,german+shepherd,macaque
Img-251.jpg,collie,collie,collie,Siamese_cat
Img-252.jpg,killer+whale,dalmatian,german+shepherd,water_buffalo
Img-253.jpg,bat,bobcat,persian+cat,fox_squirrel
Img-254.jpg,german+shepherd,german+shepherd,german+shepherd,bison
Img-255.jpg,persian+cat,persian+cat,horse,sorrel
Img-256.jpg,raccoon,wolf,chimpanzee,sea_lion
Img-257.jpg,german+shepherd,german+shepherd,chihuahua,black-footed_ferret
Img-258.jpg,hippopotamus,hippopotamus,rhinoceros,hog
Img-259.jpg,chimpanzee,spider+monkey,horse,tree_frog
Img-260.jpg,german+shepherd,german+shepherd,hippopotamus,sea_lion
Img-261.jpg,rhinoceros,wolf,buffalo,Great_Dane
Img-262.jpg,buffalo,ox,buffalo,impala
Img-263.jpg,grizzly+bear,grizzly+bear,chimpanzee,black-footed_ferret
Img-264.jpg,beaver,beaver,moose,plow
Img-265.jpg,wolf,wolf,wolf,lynx
Img-266.jpg,squirrel,squirrel,squirrel,American_black_bear
Img-267.jpg,dalmatian,dalmatian,dalmatian,sorrel
Img-268.jpg,horse,horse,horse,Border_collie
Img-269.jpg,horse,horse,horse,fox_squirrel
Img-270.jpg,chihuahua,chihuahua,chihuahua,Rottweiler
Img-271.jpg,otter,otter,wolf,fox_squirrel
Img-272.jpg,otter,otter,raccoon,malinois
Img-273.jpg,grizzly+bear,grizzly+bear,moose,spider_monkey
Img-274.jpg,horse,horse,collie,Chihuahua
Img-275.jpg,seal,seal,seal,Persian_cat
Img-276.jpg,german+shepherd,german+shepherd,raccoon,gazelle
Img-277.jpg,rhinoceros,wolf,moose,standard_poodle
Img-278.jpg,otter,otter,seal,ram
Img-279.jpg,buffalo,ox,ox,impala
Img-280.jpg,chimpanzee,chimpanzee,wolf,lynx
Img-281.jpg,hippopotamus,hippopotamus,squirrel,polecat
Img-282.jpg,chimpanzee,chimpanzee,wolf,spider_monkey
Img-283.jpg,weasel,killer+whale,otter,otterhound
Img-284.jpg,squirrel,squirrel,moose,chimpanzee
Img-285.jpg,horse,horse,german+shepherd,water_buffalo
Img-286.jpg,horse,horse,horse,hippopotamus
Img-287.jpg,seal,seal,seal,German_shepherd
Img-288.jpg,bat,bobcat,squirrel,long-horned_beetle
Img-289.jpg,siamese+cat,siamese+cat,rhinoceros,borzoi
Img-290.jpg,persian+cat,persian+cat,raccoon,dalmatian
Img-291.jpg,persian+cat,persian+cat,persian+cat,timber_wolf
Img-292.jpg,rat,mouse,german+shepherd,lynx
Img-293.jpg,seal,seal,grizzly+bear,basenji
Img-294.jpg,persian+cat,persian+cat,persian+cat,frilled_lizard
Img-295.jpg,collie,dalmatian,squirrel,borzoi
Img-296.jpg,chimpanzee,chimpanzee,otter,giant_schnauzer
Img-297.jpg,mouse,rat,horse,killer_whale
Img-298.jpg,rat,rat,siamese+cat,water_snake
Img-299.jpg,otter,otter,otter,bison
Img-300.jpg,siamese+cat,siamese+cat,persian+cat,sea_lion
Img-301.jpg,bobcat,bobcat,bobcat,bison
Img-302.jpg,wolf,wolf,dalmatian,tub
Img-303.jpg,bobcat,bobcat,antelope,malinois
Img-304.jpg,moose,moose,antelope,timber_wolf
Img-305.jpg,collie,dalmatian,german+shepherd,fox_squirrel
Img-306.jpg,wolf,wolf,wolf,weasel
Img-307.jpg,grizzly+bear,grizzly+bear,buffalo,water_buffalo
Img-308.jpg,moose,moose,moose,chimpanzee
Img-309.jpg,bobcat,bobcat,bobcat,fox_squirrel
Img-310.jpg,antelope,moose,antelope,cheetah
Img-311.jpg,siamese+cat,siamese+cat,siamese+cat,timber_wolf
Img-312.jpg,otter,otter,bat,bison
Img-313.jpg,persian+cat,persian+cat,persian+cat,hippopotamus
Img-314.jpg,collie,dalmatian,killer+whale,German_shepherd
Img-315.jpg,seal,seal,otter,Siamese_cat
Img-316.jpg,wolf,wolf,wolf,English_setter
Img-317.jpg,squirrel,squirrel,otter,bison
Img-318.jpg,persian+cat,persian+cat,persian+cat,sea_lion
Img-319.jpg,buffalo,ox,ox,hamster
Img-320.jpg,buffalo,ox,chimpanzee,brown_bear
Img-321.jpg,seal,seal,seal,Staffordshire_bullterrier
Img-322.jpg,bobcat,bobcat,horse,mousetrap
Img-323.jpg,weasel,killer+whale,beaver,mink
Img-324.jpg,german+shepherd,german+shepherd,collie,lynx
Img-325.jpg,grizzly+bear,grizzly+bear,hippopotamus,fox_squirrel
Img-326.jpg,raccoon,wolf,raccoon,killer_whale
Img-327.jpg,otter,otter,beaver,gazelle
Img-328.jpg,antelope,moose,bat,fox_squirrel
Img-329.jpg,buffalo,ox,buffalo,hippopotamus
Img-330.jpg,persian+cat,persian+cat,grizzly+bear,Border_collie
Img-331.jpg,killer+whale,dalmatian,killer+whale,wild_boar
Img-332.jpg,buffalo,ox,buffalo,brown_bear
Img-333.jpg,buffalo,ox,horse,ox
Img-334.jpg,moose,moose,moose,Indian_elephant
Img-335.jpg,buffalo,ox,buffalo,dalmatian
Img-336.jpg,horse,horse,horse,bison
Img-337.jpg,bat,bobcat,bobcat,Siamese_cat
Img-338.jpg,bobcat,bobcat,collie,collie
Img-339.jpg,hippopotamus,hippopotamus,grizzly+bear,abacus
Img-340.jpg,chimpanzee,chimpanzee,chimpanzee,hyena
Img-341.jpg,horse,horse,german+shepherd,brown_bear
Img-342.jpg,german+shepherd,german+shepherd,otter,gazelle
Img-343.jpg,siamese+cat,siamese+cat,siamese+cat,slug
Img-344.jpg,chihuahua,chihuahua,german+shepherd,dalmatian
Img-345.jpg,german+shepherd,german+shepherd,mole,Siamese_cat
Img-346.jpg,grizzly+bear,grizzly+bear,grizzly+bear,siamang
Img-347.jpg,horse,horse,horse,sorrel
Img-348.jpg,otter,otter,grizzly+bear,gazelle
Img-349.jpg,dalmatian,dalmatian,seal,Saluki
Img-350.jpg,horse,horse,horse,otter
Img-351.jpg,german+shepherd,german+shepherd,horse,warthog
Img-352.jpg,killer+whale,dalmatian,chimpanzee,warthog
Img-353.jpg,grizzly+bear,grizzly+bear,moose,impala
Img-354.jpg,otter,otter,moose,fox_squirrel
Img-355.jpg,squirrel,squirrel,hippopotamus,ox
Img-356.jpg,horse,horse,persian+cat,Arabian_camel
Img-357.jpg,antelope,moose,antelope,German_shepherd
Img-358.jpg,bat,bat,seal,horse_cart
Img-359.jpg,dalmatian,dalmatian,dalmatian,fox_squirrel
Img-360.jpg,horse,horse,antelope,Arabian_camel
Img-361.jpg,horse,horse,horse,spider_monkey
Img-362.jpg,siamese+cat,siamese+cat,bat,Siamese_cat
Img-363.jpg,wolf,wolf,squirrel,sea_lion
Img-364.jpg,buffalo,ox,seal,Border_collie
Img-365.jpg,horse,horse,horse,dalmatian
Img-366.jpg,buffalo,ox,grizzly+bear,sea_lion
Img-367.jpg,bobcat,bobcat,squirrel,mink
Img-368.jpg,bat,bat,bat,hippopotamus
Img-369.jpg,horse,horse,horse,brown_bear
Img-370.jpg,mouse,rat,wolf,Arabian_camel
Img-371.jpg,collie,dalmatian,german+shepherd,guinea_pig
Img-372.jpg,hippopotamus,hippopotamus,hippopotamus,Border_collie
Img-373.jpg,seal,seal,seal,otter
Img-374.jpg,german+shepherd,german+shepherd,collie,Persian_cat
Img-375.jpg,spider+monkey,spider+monkey,otter,hippopotamus
Img-376.jpg,otter,otter,bobcat,water_buffalo
Img-377.jpg,antelope,moose,rhinoceros,wood_rabbit
Img-378.jpg,horse,horse,ox,vizsla
Img-379.jpg,collie,dalmatian,beaver,impala
Img-380.jpg,rhinoceros,seal,rhinoceros,Chihuahua
Img-381.jpg,squirrel,squirrel,squirrel,three-toed_sloth
Img-382.jpg,seal,seal,seal,German_shepherd
Img-383.jpg,buffalo,ox,buffalo,lynx
Img-384.jpg,german+shepherd,german+shepherd,ox,brown_bear
Img-385.jpg,collie,dalmatian,persian+cat,lynx
Img-386.jpg,siamese+cat,siamese+cat,chihuahua,dalmatian
Img-387.jpg,hippopotamus,hippopotamus,wolf,Airedale
Img-388.jpg,grizzly+bear,grizzly+bear,grizzly+bear,sorrel
Img-389.jpg,chihuahua,chihuahua,chihuahua,wallaby
Img-390.jpg,chimpanzee,chimpanzee,persian+cat,impala
Img-391.jpg,weasel,killer+whale,moose,warthog
Img-392.jpg,buffalo,ox,buffalo,dalmatian
Img-393.jpg,otter,otter,raccoon,English_springer
Img-394.jpg,seal,seal,seal,sorrel
Img-395.jpg,hippopotamus,hippopotamus,siamese+cat,bison
Img-396.jpg,rhinoceros,seal,grizzly+bear,African_crocodile
Img-397.jpg,buffalo,ox,ox,spider_monkey
Img-398.jpg,german+shepherd,german+shepherd,german+shepherd,collie
Img-399.jpg,chimpanzee,chimpanzee,chimpanzee,black-footed_ferret
Img-400.jpg,antelope,moose,antelope,dalmatian
Img-401.jpg,squirrel,squirrel,squirrel,sorrel
Img-402.jpg,walrus,seal,buffalo,brown_bear
Img-403.jpg,squirrel,squirrel,raccoon,impala
Img-404.jpg,bobcat,bobcat,otter,skunk
Img-405.jpg,buffalo,ox,grizzly+bear,dalmatian
Img-406.jpg,grizzly+bear,grizzly+bear,antelope,fox_squirrel
Img-407.jpg,wolf,wolf,wolf,badger
Img-408.jpg,german+shepherd,german+shepherd,antelope,hippopotamus
Img-409.jpg,chimpanzee,chimpanzee,chimpanzee,fox_squirrel
Img-410.jpg,beaver,bat,hippopotamus,bison
Img-411.jpg,horse,horse,horse,collie
Img-412.jpg,otter,otter,otter,sorrel
Img-413.jpg,collie,dalmatian,bat,curly-coated_retriever
Img-414.jpg,siamese+cat,siamese+cat,german+shepherd,impala
Img-415.jpg,wolf,wolf,wolf,sea_lion
Img-416.jpg,buffalo,ox,buffalo,borzoi
Img-417.jpg,hippopotamus,hippopotamus,grizzly+bear,ox
Img-418.jpg,hippopotamus,hippopotamus,buffalo,fox_squirrel
Img-419.jpg,horse,horse,horse,groenendael
Img-420.jpg,moose,moose,moose,dalmatian
Img-421.jpg,german+shepherd,german+shepherd,german+shepherd,hippopotamus
Img-422.jpg,collie,dalmatian,persian+cat,white_wolf
Img-423.jpg,seal,seal,seal,dalmatian
Img-424.jpg,antelope,moose,antelope,chimpanzee
Img-425.jpg,buffalo,ox,buffalo,gazelle
Img-426.jpg,antelope,moose,rhinoceros,hippopotamus
Img-427.jpg,antelope,moose,antelope,hippopotamus
Img-428.jpg,weasel,weasel,bat,warthog
Img-429.jpg,german+shepherd,german+shepherd,seal,sea_lion
Img-430.jpg,ox,ox,horse,lynx
Img-431.jpg,siamese+cat,siamese+cat,seal,fox_squirrel
Img-432.jpg,chimpanzee,chimpanzee,raccoon,Border_collie
Img-433.jpg,squirrel,squirrel,squirrel,wild_boar
Img-434.jpg,otter,otter,antelope,American_Staffordshire_terrier
Img-435.jpg,collie,dalmatian,collie,sea_lion
Img-436.jpg,spider+monkey,spider+monkey,german+shepherd,timber_wolf
Img-437.jpg,seal,seal,seal,chimpanzee
Img-438.jpg,wolf,wolf,wolf,sorrel
Img-439.jpg,ox,ox,moose,sea_lion
Img-440.jpg,killer+whale,dalmatian,killer+whale,llama
Img-441.jpg,horse,horse,german+shepherd,dingo
Img-442.jpg,chimpanzee,chimpanzee,wolf,German_shepherd
Img-443.jpg,otter,otter,chimpanzee,German_shepherd
Img-444.jpg,seal,seal,seal,bison
Img-445.jpg,horse,horse,raccoon,timber_wolf
Img-446.jpg,chihuahua,chihuahua,chihuahua,bison
Img-447.jpg,german+shepherd,german+shepherd,bobcat,bighorn
Img-448.jpg,hippopotamus,hippopotamus,hippopotamus,bison
Img-449.jpg,bobcat,bobcat,rhinoceros,gorilla
Img-450.jpg,rhinoceros,seal,moose,ox
Img-451.jpg,chihuahua,chihuahua,siamese+cat,impala
Img-452.jpg,otter,otter,german+shepherd,megalith
Img-453.jpg,horse,horse,horse,Persian_cat
Img-454.jpg,german+shepherd,german+shepherd,german+shepherd,bison
Img-455.jpg,squirrel,squirrel,squirrel,American_black_bear
Img-456.jpg,persian+cat,persian+cat,otter,Shetland_sheepdog
Img-457.jpg,collie,dalmatian,collie,schipperke
Img-458.jpg,spider+monkey,spider+monkey,spider+monkey,American_black_bear
Img-459.jpg,bobcat,bobcat,squirrel,grey_fox
Img-460.jpg,raccoon,wolf,spider+monkey,sea_lion
Img-461.jpg,horse,horse,german+shepherd,wallaby
Img-462.jpg,chihuahua,chihuahua,persian+cat,ox
Img-463.jpg,horse,horse,squirrel,brown_bear
Img-464.jpg,dalmatian,dalmatian,collie,wild_boar
Img-465.jpg,raccoon,wolf,bobcat,chimpanzee
Img-466.jpg,weasel,weasel,grizzly+bear,Persian_cat
Img-467.jpg,collie,dalmatian,collie,otter
Img-468.jpg,german+shepherd,german+shepherd,squirrel,bison
Img-469.jpg,persian+cat,persian+cat,chihuahua,gazelle
Img-470.jpg,horse,horse,horse,Siamese_cat
Img-471.jpg,buffalo,ox,ox,timber_wolf
Img-472.jpg,persian+cat,persian+cat,rhinoceros,hippopotamus
Img-473.jpg,ox,ox,horse,Siamese_cat
Img-474.jpg,dalmatian,dalmatian,squirrel,German_shepherd
Img-475.jpg,moose,moose,wolf,brown_bear
Img-476.jpg,grizzly+bear,grizzly+bear,otter,brown_bear
Img-477.jpg,german+shepherd,german+shepherd,horse,hippopotamus
Img-478.jpg,grizzly+bear,grizzly+bear,horse,dalmatian
Img-479.jpg,squirrel,squirrel,squirrel,bison
Img-480.jpg,ox,ox,german+shepherd,sea_lion
Img-481.jpg,antelope,moose,antelope,dalmatian
Img-482.jpg,german+shepherd,german+shepherd,hippopotamus,Persian_cat
Img-483.jpg,antelope,moose,antelope,impala
Img-484.jpg,bobcat,bobcat,bobcat,sea_lion
Img-485.jpg,squirrel,squirrel,bobcat,Persian_cat
Img-486.jpg,otter,otter,grizzly+bear,wolf_spider
Img-487.jpg,ox,ox,german+shepherd,warthog
Img-488.jpg,otter,otter,walrus,Siamese_cat
Img-489.jpg,hippopotamus,hippopotamus,wolf,bison
Img-490.jpg,seal,seal,seal,fox_squirrel
Img-491.jpg,collie,dalmatian,grizzly+bear,Siamese_cat
Img-492.jpg,bobcat,bobcat,bobcat,sea_lion
Img-493.jpg,antelope,moose,antelope,dalmatian
Img-494.jpg,rat,rat,horse,spider_monkey
Img-495.jpg,seal,seal,seal,mink
Img-496.jpg,grizzly+bear,grizzly+bear,grizzly+bear,African_elephant
Img-497.jpg,mouse,rat,squirrel,Airedale
Img-498.jpg,german+shepherd,german+shepherd,spider+monkey,bison
Img-499.jpg,horse,horse,horse,sea_lion
Img-500.jpg,seal,seal,seal,coyote
Img-501.jpg,persian+cat,persian+cat,raccoon,Border_collie
Img-502.jpg,chihuahua,chihuahua,horse,West_Highland_white_terrier
Img-503.jpg,bobcat,bobcat,antelope,terrapin
Img-504.jpg,spider+monkey,spider+monkey,bat,chimpanzee
Img-505.jpg,beaver,bat,seal,white_wolf
Img-506.jpg,squirrel,squirrel,rhinoceros,brown_bear
Img-507.jpg,collie,collie,dalmatian,llama
Img-508.jpg,hippopotamus,hippopotamus,hippopotamus,ice_bear
Img-509.jpg,siamese+cat,siamese+cat,siamese+cat,Lakeland_terrier
Img-510.jpg,rhinoceros,seal,dalmatian,brown_bear
Img-511.jpg,siamese+cat,siamese+cat,german+shepherd,sorrel
Img-512.jpg,rhinoceros,seal,moose,sorrel
Img-513.jpg,seal,seal,seal,sea_lion
Img-514.jpg,squirrel,squirrel,chimpanzee,weasel
Img-515.jpg,killer+whale,dalmatian,killer+whale,timber_wolf
Img-516.jpg,bat,bat,collie,mousetrap
Img-517.jpg,hippopotamus,hippopotamus,hippopotamus,hippopotamus
Img-518.jpg,persian+cat,persian+cat,persian+cat,Border_collie
Img-519.jpg,horse,horse,german+shepherd,dalmatian
Img-520.jpg,raccoon,wolf,seal,brown_bear
Img-521.jpg,otter,otter,bobcat,mink
Img-522.jpg,collie,collie,buffalo,German_shepherd
Img-523.jpg,ox,ox,ox,howler_monkey
Img-524.jpg,squirrel,squirrel,spider+monkey,otter
Img-525.jpg,persian+cat,persian+cat,persian+cat,collie
Img-526.jpg,beaver,bat,rhinoceros,gazelle
Img-527.jpg,wolf,wolf,wolf,plow
Img-528.jpg,collie,collie,siamese+cat,killer_whale
Img-529.jpg,antelope,moose,collie,muzzle
Img-530.jpg,walrus,seal,seal,Rottweiler
Img-531.jpg,german+shepherd,german+shepherd,german+shepherd,brown_bear
Img-532.jpg,chimpanzee,chimpanzee,chimpanzee,bison
Img-533.jpg,ox,ox,german+shepherd,fox_squirrel
Img-534.jpg,collie,collie,collie,African_crocodile
Img-535.jpg,squirrel,squirrel,squirrel,chimpanzee
Img-536.jpg,moose,moose,rhinoceros,German_shepherd
Img-537.jpg,squirrel,squirrel,grizzly+bear,plow
Img-538.jpg,spider+monkey,spider+monkey,otter,fox_squirrel
Img-539.jpg,chihuahua,chihuahua,rat,mousetrap
Img-540.jpg,german+shepherd,german+shepherd,german+shepherd,fox_squirrel
Img-541.jpg,spider+monkey,spider+monkey,german+shepherd,sea_lion
Img-542.jpg,squirrel,squirrel,squirrel,dalmatian
Img-543.jpg,otter,otter,otter,wood_rabbit
Img-544.jpg,otter,otter,hippopotamus,grey_fox
Img-545.jpg,hippopotamus,hippopotamus,beaver,timber_wolf
Img-546.jpg,ox,ox,buffalo,ox
Img-547.jpg,wolf,wolf,ox,hartebeest
Img-548.jpg,grizzly+bear,grizzly+bear,grizzly+bear,German_shepherd
Img-549.jpg,buffalo,ox,ox,Persian_cat
Img-550.jpg,grizzly+bear,grizzly+bear,german+shepherd,bison
Img-551.jpg,horse,horse,horse,Ibizan_hound
Img-552.jpg,squirrel,squirrel,squirrel,sea_lion
Img-553.jpg,german+shepherd,german+shepherd,seal,African_hunting_dog
Img-554.jpg,seal,seal,seal,bison
Img-555.jpg,chimpanzee,chimpanzee,chimpanzee,wombat
Img-556.jpg,beaver,bat,hippopotamus,Persian_cat
Img-557.jpg,antelope,moose,antelope,water_buffalo
Img-558.jpg,persian+cat,persian+cat,siamese+cat,impala
Img-559.jpg,collie,collie,collie,Norwegian_elkhound
Img-560.jpg,antelope,moose,antelope,gazelle
Img-561.jpg,squirrel,squirrel,moose,English_setter
Img-562.jpg,antelope,moose,antelope,promontory
Img-563.jpg,collie,collie,chimpanzee,sorrel
Img-564.jpg,collie,collie,ox,gazelle
Img-565.jpg,antelope,moose,hippopotamus,corn
Img-566.jpg,chihuahua,chihuahua,hippopotamus,peacock
Img-567.jpg,seal,seal,seal,Norwegian_elkhound
Img-568.jpg,otter,otter,ox,wombat
Img-569.jpg,persian+cat,persian+cat,persian+cat,German_shepherd
Img-570.jpg,ox,ox,buffalo,sea_lion
Img-571.jpg,antelope,moose,antelope,wild_boar
Img-572.jpg,wolf,wolf,wolf,brown_bear
Img-573.jpg,german+shepherd,german+shepherd,siamese+cat,Siamese_cat
Img-574.jpg,ox,ox,buffalo,killer_whale
Img-575.jpg,squirrel,squirrel,squirrel,bison
Img-576.jpg,grizzly+bear,grizzly+bear,ox,fox_squirrel
Img-577.jpg,dalmatian,german+shepherd,dalmatian,hippopotamus
Img-578.jpg,chihuahua,chihuahua,chihuahua,hummingbird
Img-579.jpg,german+shepherd,german+shepherd,german+shepherd,bee
Img-580.jpg,antelope,moose,antelope,Madagascar_cat
Img-581.jpg,raccoon,raccoon,raccoon,sorrel
Img-582.jpg,antelope,moose,rhinoceros,sea_lion
Img-583.jpg,seal,seal,walrus,plow
Img-584.jpg,chimpanzee,chimpanzee,horse,German_shepherd
Img-585.jpg,german+shepherd,german+shepherd,horse,sea_lion
Img-586.jpg,seal,seal,seal,lynx
Img-587.jpg,persian+cat,persian+cat,squirrel,brown_bear
Img-588.jpg,bat,bat,bat,killer_whale
Img-589.jpg,grizzly+bear,grizzly+bear,squirrel,bison
Img-590.jpg,grizzly+bear,grizzly+bear,grizzly+bear,seashore
Img-591.jpg,siamese+cat,siamese+cat,collie,lynx
Img-592.jpg,antelope,moose,antelope,lynx
Img-593.jpg,horse,raccoon,moose,hippopotamus
Img-594.jpg,seal,seal,seal,hippopotamus
Img-595.jpg,chihuahua,chihuahua,german+shepherd,German_shepherd
Img-596.jpg,killer+whale,dalmatian,killer+whale,gazelle
Img-597.jpg,squirrel,squirrel,spider+monkey,Persian_cat
Img-598.jpg,siamese+cat,siamese+cat,rat,chimpanzee
Img-599.jpg,dalmatian,german+shepherd,dalmatian,fox_squirrel
Img-600.jpg,collie,collie,horse,sea_lion
Img-601.jpg,wolf,wolf,wolf,Mexican_hairless
Img-602.jpg,horse,raccoon,horse,fox_squirrel
Img-603.jpg,chimpanzee,chimpanzee,chimpanzee,gazelle
Img-604.jpg,bobcat,bobcat,bobcat,horse_cart
Img-605.jpg,antelope,moose,antelope,sorrel
Img-606.jpg,horse,raccoon,horse,Irish_wolfhound
Img-607.jpg,collie,collie,seal,Indian_elephant
Img-608.jpg,german+shepherd,german+shepherd,antelope,sorrel
Img-609.jpg,bobcat,bobcat,bat,Arabian_camel
Img-610.jpg,antelope,antelope,moose,dhole
Img-611.jpg,seal,seal,seal,Chihuahua
Img-612.jpg,german+shepherd,german+shepherd,ox,koala
Img-613.jpg,ox,ox,buffalo,groenendael
Img-614.jpg,collie,collie,collie,water_buffalo
Img-615.jpg,bobcat,bobcat,bobcat,Persian_cat
Img-616.jpg,ox,ox,persian+cat,Persian_cat
Img-617.jpg,squirrel,squirrel,horse,fox_squirrel
Img-618.jpg,bobcat,bobcat,seal,Airedale
Img-619.jpg,squirrel,squirrel,weasel,lynx
Img-620.jpg,chimpanzee,chimpanzee,squirrel,hog
Img-621.jpg,horse,raccoon,hippopotamus,sea_lion
Img-622.jpg,bobcat,bobcat,wolf,brown_bear
Img-623.jpg,seal,seal,hippopotamus,warthog
Img-624.jpg,german+shepherd,german+shepherd,bobcat,brown_bear
Img-625.jpg,german+shepherd,german+shepherd,german+shepherd,brown_bear
Img-626.jpg,seal,seal,otter,ibex
Img-627.jpg,raccoon,raccoon,raccoon,bison
Img-628.jpg,german+shepherd,german+shepherd,german+shepherd,hippopotamus
Img-629.jpg,collie,collie,siamese+cat,fox_squirrel
Img-630.jpg,rat,rat,rat,German_shepherd
Img-631.jpg,rhinoceros,walrus,hippopotamus,impala
Img-632.jpg,hippopotamus,hippopotamus,rhinoceros,lynx
Img-633.jpg,antelope,antelope,antelope,ox
Img-634.jpg,dalmatian,german+shepherd,german+shepherd,mink
Img-635.jpg,bobcat,bobcat,squirrel,hippopotamus
Img-636.jpg,killer+whale,dalmatian,hippopotamus,dalmatian
Img-637.jpg,chimpanzee,chimpanzee,german+shepherd,brown_bear
Img-638.jpg,beaver,bat,mouse,kit_fox
Img-639.jpg,grizzly+bear,grizzly+bear,grizzly+bear,dogsled
Img-640.jpg,ox,ox,grizzly+bear,spider_monkey
Img-641.jpg,grizzly+bear,grizzly+bear,grizzly+bear,Siamese_cat
Img-642.jpg,ox,ox,buffalo,horse_cart
Img-643.jpg,rhinoceros,walrus,buffalo,fox_squirrel
Img-644.jpg,bobcat,bobcat,horse,hippopotamus
Img-645.jpg,collie,collie,grizzly+bear,meerkat
Img-646.jpg,wolf,wolf,seal,sorrel
Img-647.jpg,german+shepherd,german+shepherd,german+shepherd,German_shepherd
Img-648.jpg,squirrel,squirrel,squirrel,Arabian_camel
Img-649.jpg,bobcat,bobcat,bobcat,collie
Img-650.jpg,german+shepherd,german+shepherd,bat,sea_lion
Img-651.jpg,chihuahua,chihuahua,moose,fox_squirrel
Img-652.jpg,horse,raccoon,horse,dalmatian
Img-653.jpg,raccoon,raccoon,dalmatian,badger
Img-654.jpg,antelope,antelope,antelope,Border_collie
Img-655.jpg,bobcat,bobcat,otter,bison
Img-656.jpg,squirrel,squirrel,horse,Ibizan_hound
Img-657.jpg,otter,otter,squirrel,Border_collie
Img-658.jpg,dalmatian,german+shepherd,bat,ox
Img-659.jpg,otter,otter,horse,German_shepherd
Img-660.jpg,antelope,antelope,german+shepherd,sorrel
Img-661.jpg,bat,bat,buffalo,gazelle
Img-662.jpg,horse,raccoon,horse,hippopotamus
Img-663.jpg,squirrel,squirrel,squirrel,whippet
Img-664.jpg,hippopotamus,hippopotamus,grizzly+bear,Border_collie
Img-665.jpg,spider+monkey,spider+monkey,chimpanzee,dalmatian
Img-666.jpg,chihuahua,chihuahua,dalmatian,tusker
Img-667.jpg,bat,bat,raccoon,mink
Img-668.jpg,otter,otter,otter,hippopotamus
Img-669.jpg,seal,seal,seal,bison
Img-670.jpg,antelope,antelope,buffalo,spider_monkey
Img-671.jpg,horse,raccoon,german+shepherd,fox_squirrel
Img-672.jpg,dalmatian,german+shepherd,dalmatian,brown_bear
Img-673.jpg,german+shepherd,german+shepherd,otter,water_buffalo
Img-674.jpg,bat,bat,bat,timber_wolf
Img-675.jpg,ox,ox,rhinoceros,impala
Img-676.jpg,chimpanzee,chimpanzee,chimpanzee,sorrel
Img-677.jpg,mouse,rat,siamese+cat,sorrel
Img-678.jpg,antelope,antelope,dalmatian,Chesapeake_Bay_retriever
Img-679.jpg,german+shepherd,german+shepherd,ox,Cardigan
Img-680.jpg,ox,ox,buffalo,fox_squirrel
Img-681.jpg,squirrel,squirrel,squirrel,fox_squirrel
Img-682.jpg,persian+cat,persian+cat,chihuahua,English_springer
Img-683.jpg,otter,otter,seal,lynx
Img-684.jpg,wolf,wolf,wolf,otter
Img-685.jpg,hippopotamus,hippopotamus,chimpanzee,Persian_cat
Img-686.jpg,walrus,walrus,german+shepherd,Persian_cat
Img-687.jpg,ox,ox,collie,warthog
Img-688.jpg,antelope,antelope,otter,ant
Img-689.jpg,otter,otter,hippopotamus,red_wolf
Img-690.jpg,antelope,antelope,horse,sorrel
Img-691.jpg,seal,seal,seal,wallaby
Img-692.jpg,otter,otter,wolf,spider_monkey
Img-693.jpg,chihuahua,chihuahua,collie,Persian_cat
Img-694.jpg,mole,bat,mole,water_buffalo
Img-695.jpg,persian+cat,persian+cat,squirrel,chimpanzee
Img-696.jpg,chimpanzee,chimpanzee,chimpanzee,Persian_cat
Img-697.jpg,seal,seal,seal,hog
Img-698.jpg,hippopotamus,hippopotamus,squirrel,bison
Img-699.jpg,walrus,walrus,seal,German_shepherd
Img-700.jpg,moose,moose,antelope,Siamese_cat
Img-701.jpg,horse,raccoon,ox,hamster
Img-702.jpg,antelope,antelope,beaver,German_shepherd
Img-703.jpg,ox,ox,persian+cat,grey_whale
Img-704.jpg,seal,seal,seal,bison
Img-705.jpg,german+shepherd,german+shepherd,rhinoceros,gazelle
Img-706.jpg,antelope,antelope,horse,lynx
Img-707.jpg,dalmatian,german+shepherd,chihuahua,water_buffalo
Img-708.jpg,raccoon,raccoon,beaver,wild_boar
Img-709.jpg,ox,ox,horse,Indian_elephant
Img-710.jpg,rat,rat,rat,hippopotamus
Img-711.jpg,german+shepherd,german+shepherd,german+shepherd,lynx
Img-712.jpg,seal,seal,seal,fox_squirrel
Img-713.jpg,horse,raccoon,horse,impala
Img-714.jpg,squirrel,squirrel,otter,Scottish_deerhound
Img-715.jpg,horse,raccoon,horse,sea_lion
Img-716.jpg,wolf,wolf,hippopotamus,hippopotamus
Img-717.jpg,wolf,wolf,grizzly+bear,gazelle
Img-718.jpg,collie,collie,german+shepherd,lynx
Img-719.jpg,wolf,wolf,wolf,gorilla
Img-720.jpg,bobcat,bobcat,otter,dalmatian
Img-721.jpg,spider+monkey,spider+monkey,otter,Chihuahua
Img-722.jpg,rhinoceros,walrus,moose,otter
Img-723.jpg,horse,raccoon,horse,polecat
Img-724.jpg,bobcat,bobcat,squirrel,marmot
Img-725.jpg,ox,ox,ox,dining_table
Img-726.jpg,squirrel,squirrel,bobcat,malinois
Img-727.jpg,rhinoceros,walrus,otter,platypus
Img-728.jpg,spider+monkey,spider+monkey,grizzly+bear,dalmatian
Img-729.jpg,persian+cat,persian+cat,rat,fox_squirrel
Img-730.jpg,wolf,wolf,wolf,German_shepherd
Img-731.jpg,seal,seal,seal,coyote
Img-732.jpg,squirrel,squirrel,collie,fox_squirrel
Img-733.jpg,chimpanzee,chimpanzee,chimpanzee,fox_squirrel
Img-734.jpg,persian+cat,persian+cat,persian+cat,otter
Img-735.jpg,raccoon,raccoon,dalmatian,chimpanzee
Img-736.jpg,dalmatian,german+shepherd,rhinoceros,otter
Img-737.jpg,german+shepherd,german+shepherd,collie,American_alligator
Img-738.jpg,antelope,antelope,antelope,bison
Img-739.jpg,wolf,wolf,wolf,sea_lion
Img-740.jpg,otter,otter,hippopotamus,Border_collie
Img-741.jpg,grizzly+bear,grizzly+bear,grizzly+bear,Bernese_mountain_dog
Img-742.jpg,walrus,walrus,walrus,Madagascar_cat
Img-743.jpg,antelope,antelope,antelope,ox
Img-744.jpg,wolf,wolf,bobcat,Border_collie
Img-745.jpg,siamese+cat,siamese+cat,rat,fountain
Img-746.jpg,chimpanzee,chimpanzee,raccoon,otter
Img-747.jpg,horse,raccoon,horse,gazelle
Img-748.jpg,bobcat,bobcat,grizzly+bear,Indian_elephant
Img-749.jpg,chimpanzee,chimpanzee,chihuahua,lynx
Img-750.jpg,ox,ox,bobcat,frilled_lizard
Img-751.jpg,bat,otter,german+shepherd,German_shepherd
Img-752.jpg,collie,collie,chimpanzee,hartebeest
Img-753.jpg,rhinoceros,walrus,rhinoceros,water_buffalo
Img-754.jpg,collie,collie,german+shepherd,malinois
Img-755.jpg,siamese+cat,siamese+cat,persian+cat,lynx
Img-756.jpg,horse,raccoon,horse,water_buffalo
Img-757.jpg,siamese+cat,siamese+cat,ox,bison
Img-758.jpg,moose,moose,hippopotamus,whippet
Img-759.jpg,walrus,walrus,otter,hippopotamus
Img-760.jpg,persian+cat,persian+cat,squirrel,lynx
Img-761.jpg,horse,chihuahua,buffalo,tabby
Img-762.jpg,german+shepherd,german+shepherd,german+shepherd,fox_squirrel
Img-763.jpg,ox,ox,horse,fox_squirrel
Img-764.jpg,bobcat,bobcat,chimpanzee,brown_bear
Img-765.jpg,bat,otter,mouse,banded_gecko
Img-766.jpg,ox,ox,ox,shovel
Img-767.jpg,ox,ox,buffalo,Siamese_cat
Img-768.jpg,persian+cat,persian+cat,persian+cat,timber_wolf
Img-769.jpg,siamese+cat,siamese+cat,raccoon,timber_wolf
Img-770.jpg,otter,otter,otter,wild_boar
Img-771.jpg,ox,ox,rhinoceros,wild_boar
Img-772.jpg,bobcat,bobcat,rhinoceros,gazelle
Img-773.jpg,beaver,otter,chimpanzee,Siamese_cat
Img-774.jpg,squirrel,squirrel,spider+monkey,dalmatian
Img-775.jpg,spider+monkey,spider+monkey,chimpanzee,ox
Img-776.jpg,grizzly+bear,grizzly+bear,persian+cat,worm_fence
Img-777.jpg,otter,otter,seal,timber_wolf
Img-778.jpg,horse,chihuahua,horse,brown_bear
Img-779.jpg,otter,otter,chimpanzee,mink
Img-780.jpg,chimpanzee,chimpanzee,chimpanzee,kelpie
Img-781.jpg,ox,ox,buffalo,German_shepherd
Img-782.jpg,seal,seal,seal,fox_squirrel
Img-783.jpg,seal,seal,seal,water_buffalo
Img-784.jpg,squirrel,squirrel,bobcat,sea_lion
Img-785.jpg,grizzly+bear,grizzly+bear,grizzly+bear,English_setter
Img-786.jpg,collie,collie,persian+cat,Border_terrier
Img-787.jpg,persian+cat,persian+cat,siamese+cat,bison
Img-788.jpg,persian+cat,persian+cat,persian+cat,hartebeest
Img-789.jpg,horse,chihuahua,horse,coyote
Img-790.jpg,wolf,wolf,horse,impala
Img-791.jpg,raccoon,raccoon,wolf,Chihuahua
Img-792.jpg,ox,ox,ox,bison
Img-793.jpg,horse,chihuahua,antelope,Siamese_cat
Img-794.jpg,seal,seal,seal,African_elephant
Img-795.jpg,otter,otter,otter,Border_collie
Img-796.jpg,persian+cat,persian+cat,persian+cat,fox_squirrel
Img-797.jpg,antelope,antelope,antelope,white_wolf
Img-798.jpg,squirrel,squirrel,persian+cat,miniature_pinscher
Img-799.jpg,bobcat,bobcat,wolf,miniature_pinscher
Img-800.jpg,horse,chihuahua,wolf,sorrel
Img-801.jpg,seal,seal,seal,brown_bear
Img-802.jpg,rat,rat,bobcat,hippopotamus
Img-803.jpg,german+shepherd,german+shepherd,collie,marmot
Img-804.jpg,german+shepherd,german+shepherd,chihuahua,Old_English_sheepdog
Img-805.jpg,german+shepherd,german+shepherd,horse,chimpanzee
Img-806.jpg,siamese+cat,siamese+cat,siamese+cat,ox
Img-807.jpg,horse,chihuahua,horse,chimpanzee
Img-808.jpg,hippopotamus,hippopotamus,grizzly+bear,lynx
Img-809.jpg,collie,collie,horse,Labrador_retriever
Img-810.jpg,buffalo,ox,buffalo,fox_squirrel
Img-811.jpg,chimpanzee,chimpanzee,rat,coyote
Img-812.jpg,grizzly+bear,grizzly+bear,mole,dingo
Img-813.jpg,antelope,antelope,antelope,chimpanzee
Img-814.jpg,siamese+cat,siamese+cat,chihuahua,chimpanzee
Img-815.jpg,squirrel,squirrel,squirrel,coyote
Img-816.jpg,persian+cat,persian+cat,persian+cat,German_shepherd
Img-817.jpg,dalmatian,german+shepherd,horse,polecat
Img-818.jpg,seal,seal,seal,fox_squirrel
Img-819.jpg,chimpanzee,chimpanzee,chimpanzee,bath_towel
Img-820.jpg,ox,ox,ox,horse_cart
Img-821.jpg,hippopotamus,hippopotamus,killer+whale,hippopotamus
Img-822.jpg,horse,chihuahua,horse,butcher_shop
Img-823.jpg,weasel,otter,chihuahua,beaver
Img-824.jpg,german+shepherd,german+shepherd,horse,butcher_shop
Img-825.jpg,bobcat,bobcat,horse,polecat
Img-826.jpg,rat,rat,weasel,Border_collie
Img-827.jpg,moose,moose,dalmatian,sea_lion
Img-828.jpg,buffalo,ox,rhinoceros,fox_squirrel
Img-829.jpg,dalmatian,dalmatian,killer+whale,Siamese_cat
Img-830.jpg,squirrel,squirrel,wolf,Siamese_cat
Img-831.jpg,moose,moose,squirrel,golden_retriever
Img-832.jpg,seal,seal,seal,hippopotamus
Img-833.jpg,siamese+cat,siamese+cat,chihuahua,sea_lion
Img-834.jpg,horse,chihuahua,moose,warthog
Img-835.jpg,weasel,otter,squirrel,lynx
Img-836.jpg,wolf,wolf,otter,papillon
Img-837.jpg,squirrel,squirrel,squirrel,hay
Img-838.jpg,buffalo,ox,buffalo,German_shepherd
Img-839.jpg,bobcat,bobcat,beaver,Irish_wolfhound
Img-840.jpg,persian+cat,persian+cat,german+shepherd,French_bulldog
Img-841.jpg,otter,otter,otter,fox_squirrel
Img-842.jpg,german+shepherd,collie,antelope,ice_bear
Img-843.jpg,buffalo,buffalo,buffalo,German_shepherd
Img-844.jpg,mouse,mouse,antelope,bison
Img-845.jpg,otter,otter,squirrel,ringlet
Img-846.jpg,raccoon,raccoon,bobcat,pug
Img-847.jpg,buffalo,buffalo,buffalo,fox_squirrel
Img-848.jpg,collie,collie,collie,impala
Img-849.jpg,mole,otter,seal,Irish_water_spaniel
Img-850.jpg,collie,collie,collie,Persian_cat
Img-851.jpg,siamese+cat,siamese+cat,dalmatian,German_shepherd
Img-852.jpg,persian+cat,persian+cat,german+shepherd,Irish_terrier
Img-853.jpg,dalmatian,dalmatian,rhinoceros,groenendael
Img-854.jpg,ox,ox,ox,sorrel
Img-855.jpg,antelope,antelope,antelope,Siamese_cat
Img-856.jpg,seal,seal,otter,hog
Img-857.jpg,buffalo,buffalo,seal,ram
Img-858.jpg,dalmatian,dalmatian,german+shepherd,Siamese_cat
Img-859.jpg,grizzly+bear,grizzly+bear,grizzly+bear,bison
Img-860.jpg,weasel,otter,rhinoceros,otter
Img-861.jpg,horse,chihuahua,horse,otter
Img-862.jpg,bat,otter,otter,American_black_bear
Img-863.jpg,seal,seal,seal,bison
Img-864.jpg,raccoon,raccoon,raccoon,lynx
Img-865.jpg,bobcat,bobcat,bobcat,sorrel
Img-866.jpg,wolf,wolf,wolf,nail
Img-867.jpg,squirrel,squirrel,squirrel,tiger_cat
Img-868.jpg,chimpanzee,chimpanzee,chimpanzee,German_shepherd
Img-869.jpg,grizzly+bear,grizzly+bear,grizzly+bear,brown_bear
Img-870.jpg,seal,seal,chimpanzee,llama
Img-871.jpg,mouse,mouse,rhinoceros,otter
Img-872.jpg,rhinoceros,wolf,buffalo,wild_boar
Img-873.jpg,chimpanzee,chimpanzee,horse,gazelle
Img-874.jpg,wolf,wolf,wolf,vizsla
Img-875.jpg,weasel,otter,german+shepherd,Arabian_camel
Img-876.jpg,rhinoceros,wolf,antelope,sorrel
Img-877.jpg,buffalo,buffalo,moose,fox_squirrel
Img-878.jpg,dalmatian,dalmatian,chihuahua,bison
Img-879.jpg,horse,chihuahua,horse,impala
Img-880.jpg,rhinoceros,wolf,rhinoceros,gazelle
Img-881.jpg,raccoon,raccoon,spider+monkey,schipperke
Img-882.jpg,collie,collie,chimpanzee,otter
Img-883.jpg,collie,collie,german+shepherd,Persian_cat
Img-884.jpg,chimpanzee,chimpanzee,collie,malinois
Img-885.jpg,raccoon,raccoon,killer+whale,Shetland_sheepdog
Img-886.jpg,mole,mole,persian+cat,keeshond
Img-887.jpg,hippopotamus,hippopotamus,otter,Chihuahua
Img-888.jpg,killer+whale,dalmatian,killer+whale,otter
Img-889.jpg,seal,walrus,grizzly+bear,chimpanzee
Img-890.jpg,german+shepherd,raccoon,german+shepherd,chimpanzee
Img-891.jpg,grizzly+bear,grizzly+bear,moose,hippopotamus
Img-892.jpg,dalmatian,dalmatian,dalmatian,oxcart
Img-893.jpg,chimpanzee,chimpanzee,german+shepherd,malamute
Img-894.jpg,squirrel,squirrel,squirrel,ice_bear
Img-895.jpg,horse,chihuahua,horse,German_shepherd
Img-896.jpg,buffalo,buffalo,buffalo,German_shepherd
Img-897.jpg,squirrel,squirrel,killer+whale,Chihuahua
Img-898.jpg,horse,chihuahua,horse,mongoose
Img-899.jpg,bat,mole,bat,hippopotamus
Img-900.jpg,horse,chihuahua,horse,brown_bear
Img-901.jpg,dalmatian,dalmatian,dalmatian,fox_squirrel
Img-902.jpg,otter,mole,otter,ram
Img-903.jpg,bobcat,bobcat,bobcat,sorrel
Img-904.jpg,raccoon,raccoon,squirrel,bison
Img-905.jpg,wolf,wolf,wolf,hippopotamus
Img-906.jpg,otter,mole,raccoon,dalmatian
Img-907.jpg,weasel,mole,bobcat,Irish_terrier
Img-908.jpg,german+shepherd,raccoon,collie,sorrel
Img-909.jpg,horse,chihuahua,horse,wallaby
Img-910.jpg,chihuahua,raccoon,collie,warthog
Img-911.jpg,dalmatian,dalmatian,dalmatian,jigsaw_puzzle
Img-912.jpg,german+shepherd,raccoon,grizzly+bear,dalmatian
Img-913.jpg,spider+monkey,spider+monkey,chimpanzee,West_Highland_white_terrier
Img-914.jpg,seal,walrus,seal,Persian_cat
Img-915.jpg,buffalo,buffalo,moose,warthog
Img-916.jpg,squirrel,squirrel,squirrel,beaver
Img-917.jpg,dalmatian,dalmatian,dalmatian,bison
Img-918.jpg,bobcat,bobcat,hippopotamus,soccer_ball
Img-919.jpg,squirrel,squirrel,otter,hog
Img-920.jpg,rhinoceros,wolf,moose,hippopotamus
Img-921.jpg,squirrel,squirrel,persian+cat,American_alligator
Img-922.jpg,german+shepherd,raccoon,squirrel,brown_bear
Img-923.jpg,moose,antelope,squirrel,red_wolf
Img-924.jpg,chimpanzee,chimpanzee,grizzly+bear,dalmatian
Img-925.jpg,buffalo,buffalo,buffalo,ibex
Img-926.jpg,german+shepherd,raccoon,horse,brown_bear
Img-927.jpg,german+shepherd,raccoon,german+shepherd,timber_wolf
Img-928.jpg,chimpanzee,chimpanzee,collie,African_elephant
Img-929.jpg,german+shepherd,raccoon,wolf,hamster
Img-930.jpg,horse,chihuahua,horse,sea_lion
Img-931.jpg,moose,antelope,moose,fox_squirrel
Img-932.jpg,weasel,mole,rhinoceros,otter
Img-933.jpg,seal,walrus,collie,sorrel
Img-934.jpg,spider+monkey,spider+monkey,raccoon,muzzle
Img-935.jpg,moose,antelope,wolf,long-horned_beetle
Img-936.jpg,german+shepherd,raccoon,german+shepherd,impala
Img-937.jpg,persian+cat,persian+cat,mole,lynx
Img-938.jpg,buffalo,buffalo,ox,fox_squirrel
Img-939.jpg,grizzly+bear,grizzly+bear,grizzly+bear,echidna
Img-940.jpg,ox,ox,rhinoceros,Indian_elephant
Img-941.jpg,hippopotamus,hippopotamus,antelope,sea_lion
Img-942.jpg,moose,antelope,buffalo,Persian_cat
Img-943.jpg,antelope,antelope,antelope,timber_wolf
Img-944.jpg,mouse,mouse,ox,oxcart
Img-945.jpg,chimpanzee,chimpanzee,moose,malinois
Img-946.jpg,ox,ox,buffalo,water_buffalo
Img-947.jpg,dalmatian,dalmatian,buffalo,badger
Img-948.jpg,horse,chihuahua,german+shepherd,Siamese_cat
Img-949.jpg,german+shepherd,raccoon,german+shepherd,brown_bear
Img-950.jpg,rhinoceros,rhinoceros,rhinoceros,killer_whale
Img-951.jpg,squirrel,squirrel,raccoon,guinea_pig
Img-952.jpg,collie,raccoon,horse,chimpanzee
Img-953.jpg,moose,antelope,bat,bison
Img-954.jpg,antelope,antelope,squirrel,badger
Img-955.jpg,walrus,walrus,squirrel,fox_squirrel
Img-956.jpg,antelope,antelope,antelope,sorrel
Img-957.jpg,buffalo,buffalo,buffalo,Lakeland_terrier
Img-958.jpg,chimpanzee,chimpanzee,grizzly+bear,lion
Img-959.jpg,persian+cat,persian+cat,persian+cat,tick
Img-960.jpg,grizzly+bear,grizzly+bear,antelope,lynx
Img-961.jpg,antelope,antelope,antelope,German_shepherd
Img-962.jpg,chimpanzee,chimpanzee,chimpanzee,fox_squirrel
Img-963.jpg,buffalo,buffalo,horse,otter
Img-964.jpg,bobcat,bobcat,bobcat,curly-coated_retriever
Img-965.jpg,collie,raccoon,collie,dalmatian
Img-966.jpg,chihuahua,raccoon,otter,gazelle
Img-967.jpg,hippopotamus,hippopotamus,raccoon,water_snake
Img-968.jpg,antelope,antelope,antelope,ox
Img-969.jpg,ox,ox,ox,squirrel_monkey
Img-970.jpg,squirrel,squirrel,bobcat,basenji
Img-971.jpg,bobcat,bobcat,raccoon,sorrel
Img-972.jpg,horse,raccoon,horse,sea_lion
Img-973.jpg,antelope,antelope,antelope,ram
Img-974.jpg,horse,raccoon,german+shepherd,bison
Img-975.jpg,squirrel,squirrel,squirrel,gazelle
Img-976.jpg,killer+whale,chimpanzee,german+shepherd,llama
Img-977.jpg,persian+cat,persian+cat,persian+cat,military_uniform
Img-978.jpg,ox,ox,ox,dingo
Img-979.jpg,ox,ox,ox,groenendael
Img-980.jpg,bobcat,bobcat,grizzly+bear,otter
Img-981.jpg,seal,walrus,seal,hippopotamus
Img-982.jpg,ox,ox,grizzly+bear,bison
Img-983.jpg,otter,mole,grizzly+bear,ox
Img-984.jpg,horse,raccoon,horse,hog
Img-985.jpg,squirrel,squirrel,squirrel,dalmatian
Img-986.jpg,chihuahua,raccoon,wolf,miniature_pinscher
Img-987.jpg,german+shepherd,raccoon,german+shepherd,warthog
Img-988.jpg,killer+whale,chimpanzee,seal,basenji
Img-989.jpg,siamese+cat,siamese+cat,german+shepherd,collie
Img-990.jpg,horse,horse,horse,Cardigan
Img-991.jpg,dalmatian,chimpanzee,dalmatian,Bernese_mountain_dog
Img-992.jpg,buffalo,buffalo,buffalo,coyote
Img-993.jpg,otter,mole,rhinoceros,mink
Img-994.jpg,german+shepherd,raccoon,moose,sorrel
Img-995.jpg,chimpanzee,chimpanzee,chimpanzee,fox_squirrel
Img-996.jpg,antelope,antelope,chihuahua,sorrel
Img-997.jpg,buffalo,buffalo,buffalo,hartebeest
Img-998.jpg,mole,mole,collie,brown_bear
Img-999.jpg,buffalo,buffalo,antelope,bison
Img-1000.jpg,dalmatian,chimpanzee,dalmatian,fountain
Img-1001.jpg,chimpanzee,chimpanzee,chimpanzee,otter
Img-1002.jpg,mouse,mouse,persian+cat,basenji
Img-1003.jpg,ox,ox,buffalo,gazelle
Img-1004.jpg,buffalo,buffalo,buffalo,bison
Img-1005.jpg,weasel,mole,mouse,bison
Img-1006.jpg,raccoon,raccoon,chimpanzee,lynx
Img-1007.jpg,wolf,wolf,wolf,wombat
Img-1008.jpg,rhinoceros,rhinoceros,moose,hamster
Img-1009.jpg,hippopotamus,hippopotamus,antelope,fox_squirrel
Img-1010.jpg,antelope,antelope,antelope,gorilla
Img-1011.jpg,ox,ox,buffalo,water_buffalo
Img-1012.jpg,wolf,wolf,moose,flat-coated_retriever
Img-1013.jpg,rat,rat,moose,malamute
Img-1014.jpg,moose,antelope,moose,Afghan_hound
Img-1015.jpg,collie,collie,german+shepherd,brown_bear
Img-1016.jpg,rat,rat,collie,water_buffalo
Img-1017.jpg,seal,walrus,seal,brown_bear
Img-1018.jpg,raccoon,raccoon,raccoon,dalmatian
Img-1019.jpg,raccoon,raccoon,persian+cat,Indian_elephant
Img-1020.jpg,raccoon,raccoon,raccoon,sorrel
Img-1021.jpg,persian+cat,persian+cat,persian+cat,goose
Img-1022.jpg,rat,rat,collie,wild_boar
Img-1023.jpg,seal,walrus,seal,timber_wolf
Img-1024.jpg,moose,antelope,moose,fox_squirrel
Img-1025.jpg,siamese+cat,siamese+cat,siamese+cat,bison
Img-1026.jpg,horse,rhinoceros,horse,sorrel
Img-1027.jpg,mouse,mouse,rat,Persian_cat
Img-1028.jpg,horse,rhinoceros,horse,sea_lion
Img-1029.jpg,antelope,antelope,antelope,wire-haired_fox_terrier
Img-1030.jpg,horse,rhinoceros,antelope,Madagascar_cat
Img-1031.jpg,persian+cat,persian+cat,persian+cat,Border_collie
Img-1032.jpg,wolf,wolf,otter,sorrel
Img-1033.jpg,german+shepherd,collie,chihuahua,redbone
Img-1034.jpg,collie,collie,collie,warthog
Img-1035.jpg,horse,rhinoceros,horse,otter
Img-1036.jpg,antelope,antelope,antelope,Arctic_fox
Img-1037.jpg,buffalo,buffalo,buffalo,impala
Img-1038.jpg,squirrel,squirrel,bobcat,sorrel
Img-1039.jpg,bobcat,bobcat,mouse,sorrel
Img-1040.jpg,chihuahua,collie,chimpanzee,Border_collie
Img-1041.jpg,wolf,wolf,grizzly+bear,otter
Img-1042.jpg,german+shepherd,collie,buffalo,Great_Dane
Img-1043.jpg,raccoon,raccoon,raccoon,timber_wolf
Img-1044.jpg,rat,rat,otter,collie
Img-1045.jpg,buffalo,buffalo,seal,Arctic_fox
Img-1046.jpg,squirrel,squirrel,spider+monkey,lynx
Img-1047.jpg,hippopotamus,hippopotamus,chihuahua,sorrel
Img-1048.jpg,buffalo,buffalo,ox,water_buffalo
Img-1049.jpg,wolf,wolf,mouse,Persian_cat
Img-1050.jpg,horse,rhinoceros,horse,oxcart
Img-1051.jpg,hippopotamus,hippopotamus,hippopotamus,hog
Img-1052.jpg,horse,rhinoceros,horse,timber_wolf
Img-1053.jpg,horse,rhinoceros,horse,hippopotamus
Img-1054.jpg,hippopotamus,hippopotamus,wolf,spider_monkey
Img-1055.jpg,bobcat,bobcat,antelope,dogsled
Img-1056.jpg,rat,rat,persian+cat,sea_lion
Img-1057.jpg,antelope,antelope,antelope,beaver
Img-1058.jpg,grizzly+bear,grizzly+bear,bobcat,sea_lion
Img-1059.jpg,grizzly+bear,grizzly+bear,squirrel,toy_poodle
Img-1060.jpg,german+shepherd,german+shepherd,german+shepherd,Egyptian_cat
Img-1061.jpg,otter,beaver,squirrel,coyote
Img-1062.jpg,moose,antelope,wolf,coyote
Img-1063.jpg,grizzly+bear,buffalo,grizzly+bear,fox_squirrel
Img-1064.jpg,hippopotamus,hippopotamus,hippopotamus,dalmatian
Img-1065.jpg,grizzly+bear,buffalo,otter,Pembroke
Img-1066.jpg,mouse,mouse,antelope,African_hunting_dog
Img-1067.jpg,persian+cat,persian+cat,horse,Persian_cat
Img-1068.jpg,horse,rhinoceros,antelope,otter
Img-1069.jpg,buffalo,buffalo,ox,hippopotamus
Img-1070.jpg,spider+monkey,spider+monkey,otter,Siamese_cat
Img-1071.jpg,ox,ox,buffalo,stingray
Img-1072.jpg,grizzly+bear,buffalo,grizzly+bear,bison
Img-1073.jpg,chihuahua,collie,collie,sorrel
Img-1074.jpg,horse,rhinoceros,horse,water_buffalo
Img-1075.jpg,rat,rat,raccoon,chimpanzee
Img-1076.jpg,horse,rhinoceros,horse,chimpanzee
Img-1077.jpg,buffalo,buffalo,grizzly+bear,spider_monkey
Img-1078.jpg,persian+cat,persian+cat,persian+cat,German_shepherd
Img-1079.jpg,squirrel,squirrel,squirrel,Persian_cat
Img-1080.jpg,squirrel,squirrel,bobcat,gorilla
Img-1081.jpg,bobcat,bobcat,otter,fox_squirrel
Img-1082.jpg,buffalo,buffalo,rhinoceros,honeycomb
Img-1083.jpg,killer+whale,chimpanzee,killer+whale,sea_lion
Img-1084.jpg,wolf,wolf,otter,sea_lion
Img-1085.jpg,ox,ox,buffalo,bison
Img-1086.jpg,grizzly+bear,buffalo,grizzly+bear,papillon
Img-1087.jpg,horse,rhinoceros,ox,cliff
Img-1088.jpg,ox,ox,buffalo,chimpanzee
Img-1089.jpg,wolf,wolf,grizzly+bear,brown_bear
Img-1090.jpg,antelope,antelope,antelope,German_shepherd
Img-1091.jpg,ox,ox,ox,water_buffalo
Img-1092.jpg,squirrel,squirrel,horse,beaver
Img-1093.jpg,antelope,antelope,antelope,German_shepherd
Img-1094.jpg,ox,ox,rhinoceros,grey_fox
Img-1095.jpg,hippopotamus,hippopotamus,buffalo,chimpanzee
Img-1096.jpg,chimpanzee,chimpanzee,german+shepherd,gazelle
Img-1097.jpg,horse,rhinoceros,collie,ant
Img-1098.jpg,moose,antelope,moose,Arabian_camel
Img-1099.jpg,german+shepherd,german+shepherd,german+shepherd,Great_Dane
Img-1100.jpg,seal,walrus,seal,plow
Img-1101.jpg,antelope,antelope,antelope,leatherback_turtle
Img-1102.jpg,siamese+cat,siamese+cat,chihuahua,wallaby
Img-1103.jpg,squirrel,squirrel,squirrel,Siamese_cat
Img-1104.jpg,wolf,wolf,german+shepherd,coyote
Img-1105.jpg,bobcat,bobcat,bobcat,grey_fox
Img-1106.jpg,moose,antelope,ox,Persian_cat
Img-1107.jpg,rhinoceros,rhinoceros,grizzly+bear,fox_squirrel
Img-1108.jpg,antelope,antelope,antelope,malinois
Img-1109.jpg,mole,otter,german+shepherd,marmoset
Img-1110.jpg,collie,collie,hippopotamus,hippopotamus
Img-1111.jpg,german+shepherd,german+shepherd,persian+cat,impala
Img-1112.jpg,spider+monkey,spider+monkey,moose,horse_cart
Img-1113.jpg,german+shepherd,german+shepherd,horse,three-toed_sloth
Img-1114.jpg,squirrel,squirrel,squirrel,chimpanzee
Img-1115.jpg,mole,otter,collie,gazelle
Img-1116.jpg,buffalo,buffalo,grizzly+bear,rule
Img-1117.jpg,buffalo,buffalo,horse,gazelle
Img-1118.jpg,german+shepherd,german+shepherd,german+shepherd,German_shepherd
Img-1119.jpg,mouse,mouse,raccoon,oxcart
Img-1120.jpg,weasel,beaver,seal,sea_lion
Img-1121.jpg,squirrel,squirrel,bobcat,sea_lion
Img-1122.jpg,siamese+cat,siamese+cat,persian+cat,sorrel
Img-1123.jpg,antelope,antelope,ox,cocker_spaniel
Img-1124.jpg,collie,collie,collie,Chihuahua
Img-1125.jpg,moose,antelope,dalmatian,American_black_bear
Img-1126.jpg,grizzly+bear,buffalo,horse,mongoose
Img-1127.jpg,horse,rhinoceros,horse,brown_bear
Img-1128.jpg,hippopotamus,hippopotamus,otter,lynx
Img-1129.jpg,german+shepherd,german+shepherd,german+shepherd,fox_squirrel
Img-1130.jpg,german+shepherd,german+shepherd,collie,Labrador_retriever
Img-1131.jpg,ox,ox,persian+cat,lynx
Img-1132.jpg,siamese+cat,siamese+cat,chihuahua,ox
Img-1133.jpg,rhinoceros,hippopotamus,rhinoceros,Persian_cat
Img-1134.jpg,wolf,wolf,rhinoceros,triceratops
Img-1135.jpg,siamese+cat,siamese+cat,collie,bighorn
Img-1136.jpg,horse,rhinoceros,horse,Persian_cat
Img-1137.jpg,collie,collie,collie,water_buffalo
Img-1138.jpg,bat,beaver,moose,sorrel
Img-1139.jpg,buffalo,buffalo,collie,standard_poodle
Img-1140.jpg,seal,walrus,seal,sorrel
Img-1141.jpg,squirrel,squirrel,bat,sea_lion
Img-1142.jpg,horse,rhinoceros,horse,lynx
Img-1143.jpg,hippopotamus,hippopotamus,otter,doormat
Img-1144.jpg,antelope,antelope,rhinoceros,black-footed_ferret
Img-1145.jpg,dalmatian,chimpanzee,dalmatian,brown_bear
Img-1146.jpg,grizzly+bear,buffalo,chihuahua,lynx
Img-1147.jpg,hippopotamus,hippopotamus,squirrel,Italian_greyhound
Img-1148.jpg,buffalo,buffalo,grizzly+bear,muzzle
Img-1149.jpg,german+shepherd,german+shepherd,collie,sorrel
Img-1150.jpg,rat,rat,chihuahua,wild_boar
Img-1151.jpg,antelope,antelope,antelope,ox
Img-1152.jpg,buffalo,buffalo,buffalo,armadillo
Img-1153.jpg,ox,ox,buffalo,bison
Img-1154.jpg,chimpanzee,chimpanzee,chimpanzee,Siamese_cat
Img-1155.jpg,chihuahua,collie,siamese+cat,Persian_cat
Img-1156.jpg,horse,rhinoceros,horse,mongoose
Img-1157.jpg,moose,antelope,wolf,lynx
Img-1158.jpg,horse,rhinoceros,horse,beaver
Img-1159.jpg,squirrel,squirrel,squirrel,ashcan
Img-1160.jpg,otter,beaver,otter,killer_whale
Img-1161.jpg,german+shepherd,german+shepherd,chimpanzee,fox_squirrel
Img-1162.jpg,chimpanzee,chimpanzee,squirrel,hippopotamus
Img-1163.jpg,squirrel,squirrel,mouse,bison
Img-1164.jpg,chihuahua,collie,siamese+cat,Saluki
Img-1165.jpg,chimpanzee,chimpanzee,collie,macaw
Img-1166.jpg,ox,ox,moose,Chihuahua
Img-1167.jpg,moose,antelope,moose,water_buffalo
Img-1168.jpg,chimpanzee,chimpanzee,dalmatian,bison
Img-1169.jpg,siamese+cat,siamese+cat,german+shepherd,water_buffalo
Img-1170.jpg,killer+whale,killer+whale,killer+whale,fox_squirrel
Img-1171.jpg,siamese+cat,siamese+cat,siamese+cat,ox
Img-1172.jpg,wolf,wolf,wolf,water_buffalo
Img-1173.jpg,chimpanzee,chimpanzee,hippopotamus,sorrel
Img-1174.jpg,buffalo,buffalo,buffalo,macaque
Img-1175.jpg,bobcat,bobcat,seal,wood_rabbit
Img-1176.jpg,dalmatian,chimpanzee,otter,German_shepherd
Img-1177.jpg,rhinoceros,rhinoceros,collie,sorrel
Img-1178.jpg,mouse,mouse,mouse,dalmatian
Img-1179.jpg,siamese+cat,siamese+cat,rat,collie
Img-1180.jpg,ox,ox,buffalo,water_buffalo
Img-1181.jpg,squirrel,squirrel,squirrel,gazelle
Img-1182.jpg,grizzly+bear,buffalo,squirrel,television
Img-1183.jpg,bat,beaver,mouse,gazelle
Img-1184.jpg,antelope,antelope,hippopotamus,gazelle
Img-1185.jpg,persian+cat,persian+cat,persian+cat,Shetland_sheepdog
Img-1186.jpg,bobcat,bobcat,persian+cat,bison
Img-1187.jpg,hippopotamus,hippopotamus,squirrel,killer_whale
Img-1188.jpg,mouse,mouse,persian+cat,Siamese_cat
Img-1189.jpg,seal,seal,mouse,ibex
Img-1190.jpg,german+shepherd,german+shepherd,collie,Border_collie
Img-1191.jpg,buffalo,buffalo,buffalo,lynx
Img-1192.jpg,grizzly+bear,buffalo,grizzly+bear,Persian_cat
Img-1193.jpg,chihuahua,collie,german+shepherd,coyote
Img-1194.jpg,antelope,antelope,horse,Border_collie
Img-1195.jpg,mouse,mouse,mouse,Siamese_cat
Img-1196.jpg,german+shepherd,german+shepherd,german+shepherd,Persian_cat
Img-1197.jpg,persian+cat,persian+cat,seal,brown_bear
Img-1198.jpg,buffalo,buffalo,buffalo,chimpanzee
Img-1199.jpg,squirrel,squirrel,bobcat,collie
Img-1200.jpg,rhinoceros,rhinoceros,rhinoceros,lynx
Img-1201.jpg,raccoon,raccoon,bat,papillon
Img-1202.jpg,ox,ox,ox,bighorn
Img-1203.jpg,moose,moose,moose,Siamese_cat
Img-1204.jpg,grizzly+bear,buffalo,moose,mink
Img-1205.jpg,rhinoceros,rhinoceros,rhinoceros,lynx
Img-1206.jpg,ox,ox,rhinoceros,water_buffalo
Img-1207.jpg,seal,seal,hippopotamus,ram
Img-1208.jpg,german+shepherd,german+shepherd,german+shepherd,Egyptian_cat
Img-1209.jpg,ox,ox,chimpanzee,coyote
Img-1210.jpg,otter,beaver,seal,fox_squirrel
Img-1211.jpg,bat,beaver,chihuahua,brown_bear
Img-1212.jpg,squirrel,squirrel,squirrel,fox_squirrel
Img-1213.jpg,rat,rat,dalmatian,Arabian_camel
Img-1214.jpg,dalmatian,chimpanzee,dalmatian,fox_squirrel
Img-1215.jpg,persian+cat,persian+cat,horse,ox
Img-1216.jpg,horse,rhinoceros,horse,hippopotamus
Img-1217.jpg,antelope,antelope,antelope,timber_wolf
Img-1218.jpg,squirrel,squirrel,squirrel,German_shepherd
Img-1219.jpg,weasel,beaver,squirrel,otter
Img-1220.jpg,ox,ox,chimpanzee,ox
Img-1221.jpg,horse,rhinoceros,horse,lynx
Img-1222.jpg,chimpanzee,chimpanzee,moose,killer_whale
Img-1223.jpg,buffalo,buffalo,buffalo,water_buffalo
Img-1224.jpg,buffalo,buffalo,buffalo,hartebeest
Img-1225.jpg,bobcat,bobcat,bobcat,dalmatian
Img-1226.jpg,rhinoceros,rhinoceros,horse,coyote
Img-1227.jpg,buffalo,buffalo,buffalo,killer_whale
Img-1228.jpg,wolf,wolf,persian+cat,brown_bear
Img-1229.jpg,german+shepherd,german+shepherd,persian+cat,lynx
Img-1230.jpg,horse,rhinoceros,antelope,impala
Img-1231.jpg,rhinoceros,rhinoceros,moose,bison
Img-1232.jpg,hippopotamus,hippopotamus,raccoon,hippopotamus
Img-1233.jpg,buffalo,buffalo,buffalo,valley
Img-1234.jpg,buffalo,buffalo,buffalo,impala
Img-1235.jpg,rat,rat,rat,Samoyed
Img-1236.jpg,bat,beaver,otter,triceratops
Img-1237.jpg,collie,collie,collie,Brabancon_griffon
Img-1238.jpg,dalmatian,chimpanzee,chihuahua,Persian_cat
Img-1239.jpg,collie,collie,moose,fox_squirrel
Img-1240.jpg,otter,beaver,raccoon,bison
Img-1241.jpg,german+shepherd,german+shepherd,german+shepherd,ox
Img-1242.jpg,horse,rhinoceros,horse,Irish_water_spaniel
Img-1243.jpg,horse,horse,collie,hippopotamus
Img-1244.jpg,weasel,weasel,otter,snow_leopard
Img-1245.jpg,weasel,weasel,squirrel,Persian_cat
Img-1246.jpg,siamese+cat,persian+cat,hippopotamus,impala
Img-1247.jpg,horse,horse,horse,ox
Img-1248.jpg,hippopotamus,hippopotamus,hippopotamus,lynx
Img-1249.jpg,collie,collie,antelope,killer_whale
Img-1250.jpg,bat,beaver,hippopotamus,borzoi
Img-1251.jpg,chimpanzee,chimpanzee,chimpanzee,Border_collie
Img-1252.jpg,grizzly+bear,buffalo,buffalo,groenendael
Img-1253.jpg,spider+monkey,spider+monkey,chihuahua,malinois
Img-1254.jpg,bobcat,squirrel,grizzly+bear,timber_wolf
Img-1255.jpg,squirrel,squirrel,squirrel,hippopotamus
Img-1256.jpg,german+shepherd,german+shepherd,german+shepherd,fox_squirrel
Img-1257.jpg,otter,otter,hippopotamus,ox
Img-1258.jpg,moose,moose,seal,hyena
Img-1259.jpg,horse,horse,horse,malinois
Img-1260.jpg,hippopotamus,hippopotamus,hippopotamus,sea_lion
Img-1261.jpg,raccoon,raccoon,wolf,ibex
Img-1262.jpg,horse,horse,weasel,guinea_pig
Img-1263.jpg,squirrel,squirrel,squirrel,Border_terrier
Img-1264.jpg,horse,horse,ox,lynx
Img-1265.jpg,german+shepherd,german+shepherd,dalmatian,gazelle
Img-1266.jpg,rhinoceros,rhinoceros,bobcat,otter
Img-1267.jpg,german+shepherd,german+shepherd,beaver,marmot
Img-1268.jpg,german+shepherd,german+shepherd,chimpanzee,sea_lion
Img-1269.jpg,squirrel,squirrel,otter,sea_lion
Img-1270.jpg,otter,otter,moose,German_shepherd
Img-1271.jpg,squirrel,squirrel,squirrel,dalmatian
Img-1272.jpg,ox,buffalo,horse,bison
Img-1273.jpg,horse,horse,horse,collie
Img-1274.jpg,persian+cat,persian+cat,persian+cat,sea_lion
Img-1275.jpg,siamese+cat,persian+cat,siamese+cat,bison
Img-1276.jpg,persian+cat,persian+cat,chimpanzee,weasel
Img-1277.jpg,squirrel,squirrel,horse,wild_boar
Img-1278.jpg,siamese+cat,persian+cat,squirrel,Siamese_cat
Img-1279.jpg,killer+whale,killer+whale,killer+whale,impala
Img-1280.jpg,otter,otter,otter,Airedale
Img-1281.jpg,wolf,squirrel,bobcat,ice_bear
Img-1282.jpg,bat,beaver,raccoon,hippopotamus
Img-1283.jpg,antelope,antelope,antelope,beaver
Img-1284.jpg,horse,horse,antelope,fox_squirrel
Img-1285.jpg,moose,moose,hippopotamus,bison
Img-1286.jpg,antelope,antelope,antelope,chimpanzee
Img-1287.jpg,walrus,walrus,walrus,fox_squirrel
Img-1288.jpg,german+shepherd,german+shepherd,persian+cat,German_shepherd
Img-1289.jpg,bat,beaver,otter,dalmatian
Img-1290.jpg,beaver,beaver,german+shepherd,brown_bear
Img-1291.jpg,beaver,beaver,seal,terrapin
Img-1292.jpg,grizzly+bear,buffalo,grizzly+bear,wild_boar
Img-1293.jpg,bat,bat,chihuahua,bison
Img-1294.jpg,horse,horse,horse,fox_squirrel
Img-1295.jpg,dalmatian,chimpanzee,german+shepherd,papillon
Img-1296.jpg,hippopotamus,hippopotamus,hippopotamus,bison
Img-1297.jpg,squirrel,squirrel,squirrel,hippopotamus
Img-1298.jpg,antelope,antelope,antelope,bison
Img-1299.jpg,german+shepherd,german+shepherd,siamese+cat,apiary
Img-1300.jpg,bobcat,persian+cat,buffalo,gazelle
Img-1301.jpg,horse,horse,horse,bison
Img-1302.jpg,persian+cat,persian+cat,persian+cat,Border_collie
Img-1303.jpg,collie,collie,collie,Persian_cat
Img-1304.jpg,rhinoceros,rhinoceros,rhinoceros,horse_cart
Img-1305.jpg,rhinoceros,rhinoceros,buffalo,Chesapeake_Bay_retriever
Img-1306.jpg,chihuahua,collie,bat,wallaby
Img-1307.jpg,german+shepherd,german+shepherd,german+shepherd,sea_lion
Img-1308.jpg,horse,horse,antelope,Chihuahua
Img-1309.jpg,collie,collie,antelope,Airedale
Img-1310.jpg,buffalo,buffalo,buffalo,bison
Img-1311.jpg,buffalo,buffalo,buffalo,lynx
Img-1312.jpg,chihuahua,collie,siamese+cat,Madagascar_cat
Img-1313.jpg,wolf,squirrel,wolf,Persian_cat
Img-1314.jpg,squirrel,squirrel,squirrel,timber_wolf
Img-1315.jpg,buffalo,buffalo,buffalo,warthog
Img-1316.jpg,raccoon,raccoon,rhinoceros,Border_collie
Img-1317.jpg,squirrel,squirrel,squirrel,impala
Img-1318.jpg,mouse,rat,squirrel,bison
Img-1319.jpg,mouse,rat,persian+cat,cheetah
Img-1320.jpg,ox,buffalo,ox,bison
Img-1321.jpg,rhinoceros,rhinoceros,rhinoceros,basset
Img-1322.jpg,collie,collie,german+shepherd,killer_whale
Img-1323.jpg,german+shepherd,german+shepherd,wolf,sea_lion
Img-1324.jpg,mouse,rat,hippopotamus,Border_collie
Img-1325.jpg,buffalo,buffalo,ox,Chihuahua
Img-1326.jpg,bobcat,persian+cat,moose,mousetrap
Img-1327.jpg,persian+cat,persian+cat,persian+cat,Persian_cat
Img-1328.jpg,horse,horse,siamese+cat,fox_squirrel
Img-1329.jpg,collie,collie,buffalo,brown_bear
Img-1330.jpg,siamese+cat,persian+cat,german+shepherd,hartebeest
Img-1331.jpg,horse,horse,horse,bison
Img-1332.jpg,wolf,squirrel,siamese+cat,fox_squirrel
Img-1333.jpg,bat,bat,horse,beaver
Img-1334.jpg,antelope,antelope,antelope,coyote
Img-1335.jpg,german+shepherd,german+shepherd,ox,killer_whale
Img-1336.jpg,spider+monkey,spider+monkey,killer+whale,nail
Img-1337.jpg,bobcat,persian+cat,squirrel,collie
Img-1338.jpg,weasel,weasel,siamese+cat,gazelle
Img-1339.jpg,bobcat,persian+cat,moose,gazelle
Img-1340.jpg,buffalo,buffalo,grizzly+bear,sorrel
Img-1341.jpg,horse,horse,horse,weasel
Img-1342.jpg,raccoon,raccoon,chimpanzee,brown_bear
Img-1343.jpg,collie,collie,collie,sorrel
Img-1344.jpg,bobcat,persian+cat,wolf,bison
Img-1345.jpg,horse,horse,horse,brown_bear
Img-1346.jpg,moose,moose,weasel,hamster
Img-1347.jpg,seal,seal,bobcat,water_buffalo
Img-1348.jpg,collie,collie,weasel,hamster
Img-1349.jpg,collie,collie,collie,white_wolf
Img-1350.jpg,buffalo,buffalo,chimpanzee,papillon
Img-1351.jpg,seal,seal,seal,German_shepherd
Img-1352.jpg,chimpanzee,chimpanzee,german+shepherd,fox_squirrel
Img-1353.jpg,mouse,rat,mole,sea_lion
Img-1354.jpg,hippopotamus,hippopotamus,horse,lynx
Img-1355.jpg,horse,horse,horse,German_shepherd
Img-1356.jpg,raccoon,raccoon,bobcat,dalmatian
Img-1357.jpg,horse,horse,dalmatian,Shetland_sheepdog
Img-1358.jpg,rhinoceros,rhinoceros,moose,otter
Img-1359.jpg,seal,seal,seal,collie
Img-1360.jpg,collie,collie,bat,otter
Img-1361.jpg,wolf,squirrel,rhinoceros,ox
Img-1362.jpg,siamese+cat,persian+cat,bat,dalmatian
Img-1363.jpg,walrus,walrus,hippopotamus,marmot
Img-1364.jpg,german+shepherd,german+shepherd,horse,bath_towel
Img-1365.jpg,grizzly+bear,buffalo,grizzly+bear,mongoose
Img-1366.jpg,rhinoceros,rhinoceros,chimpanzee,collie
Img-1367.jpg,squirrel,squirrel,raccoon,fox_squirrel
Img-1368.jpg,horse,horse,horse,bison
Img-1369.jpg,chimpanzee,chimpanzee,chimpanzee,Siamese_cat
Img-1370.jpg,raccoon,raccoon,wolf,sea_lion
Img-1371.jpg,beaver,beaver,bobcat,hamster
Img-1372.jpg,chimpanzee,chimpanzee,rhinoceros,feather_boa
Img-1373.jpg,collie,collie,otter,Persian_cat
Img-1374.jpg,antelope,antelope,buffalo,bison
Img-1375.jpg,persian+cat,persian+cat,wolf,bison
Img-1376.jpg,siamese+cat,persian+cat,siamese+cat,guinea_pig
Img-1377.jpg,horse,horse,seal,groenendael
Img-1378.jpg,walrus,walrus,bat,white_wolf
Img-1379.jpg,squirrel,squirrel,squirrel,dalmatian
Img-1380.jpg,persian+cat,persian+cat,collie,Persian_cat
Img-1381.jpg,beaver,beaver,raccoon,brown_bear
Img-1382.jpg,weasel,weasel,collie,Arabian_camel
Img-1383.jpg,horse,horse,horse,sea_lion
Img-1384.jpg,squirrel,squirrel,wolf,window_screen
Img-1385.jpg,spider+monkey,spider+monkey,dalmatian,sea_lion
Img-1386.jpg,collie,collie,collie,fox_squirrel
Img-1387.jpg,german+shepherd,german+shepherd,german+shepherd,worm_fence
Img-1388.jpg,buffalo,buffalo,ox,gazelle
Img-1389.jpg,horse,horse,horse,Border_collie
Img-1390.jpg,horse,horse,horse,American_black_bear
Img-1391.jpg,seal,seal,seal,lynx
Img-1392.jpg,buffalo,buffalo,ox,chimpanzee
Img-1393.jpg,hippopotamus,hippopotamus,squirrel,fountain
Img-1394.jpg,moose,moose,moose,Airedale
Img-1395.jpg,chihuahua,collie,walrus,bison
Img-1396.jpg,persian+cat,persian+cat,collie,ox
Img-1397.jpg,collie,collie,collie,chimpanzee
Img-1398.jpg,chihuahua,chihuahua,squirrel,gorilla
Img-1399.jpg,rhinoceros,rhinoceros,grizzly+bear,Persian_cat
Img-1400.jpg,mouse,rat,chihuahua,fountain
Img-1401.jpg,german+shepherd,german+shepherd,bat,fox_squirrel
Img-1402.jpg,persian+cat,persian+cat,persian+cat,red_wolf
Img-1403.jpg,horse,horse,collie,bison
Img-1404.jpg,weasel,weasel,weasel,hippopotamus
Img-1405.jpg,buffalo,buffalo,buffalo,wood_rabbit
Img-1406.jpg,rhinoceros,rhinoceros,rhinoceros,fox_squirrel
Img-1407.jpg,bat,bat,german+shepherd,ox
Img-1408.jpg,antelope,antelope,antelope,water_buffalo
Img-1409.jpg,hippopotamus,hippopotamus,rhinoceros,bison
Img-1410.jpg,hippopotamus,hippopotamus,seal,Arabian_camel
Img-1411.jpg,squirrel,squirrel,bobcat,impala
Img-1412.jpg,hippopotamus,hippopotamus,hippopotamus,sea_lion
Img-1413.jpg,persian+cat,persian+cat,bat,water_buffalo
Img-1414.jpg,collie,collie,siamese+cat,hartebeest
Img-1415.jpg,grizzly+bear,buffalo,hippopotamus,Norwegian_elkhound
Img-1416.jpg,collie,collie,collie,kite
Img-1417.jpg,weasel,weasel,seal,Arabian_camel
Img-1418.jpg,horse,horse,horse,sorrel
Img-1419.jpg,squirrel,squirrel,squirrel,sea_lion
Img-1420.jpg,walrus,walrus,seal,ox
Img-1421.jpg,wolf,squirrel,bobcat,washbasin
Img-1422.jpg,siamese+cat,persian+cat,siamese+cat,bison
Img-1423.jpg,collie,collie,german+shepherd,badger
Img-1424.jpg,seal,seal,seal,Border_collie
Img-1425.jpg,moose,moose,moose,hippopotamus
Img-1426.jpg,buffalo,buffalo,buffalo,ox
Img-1427.jpg,german+shepherd,german+shepherd,chihuahua,timber_wolf
Img-1428.jpg,horse,horse,horse,coyote
Img-1429.jpg,collie,collie,german+shepherd,Arabian_camel
Img-1430.jpg,persian+cat,persian+cat,chihuahua,bison
Img-1431.jpg,siamese+cat,siamese+cat,ox,gazelle
Img-1432.jpg,horse,horse,ox,otter
Img-1433.jpg,weasel,weasel,mouse,brown_bear
Img-1434.jpg,antelope,antelope,antelope,fox_squirrel
Img-1435.jpg,grizzly+bear,buffalo,grizzly+bear,fox_squirrel
Img-1436.jpg,moose,moose,moose,fox_squirrel
Img-1437.jpg,spider+monkey,beaver,moose,otter
Img-1438.jpg,german+shepherd,german+shepherd,horse,ox
Img-1439.jpg,german+shepherd,german+shepherd,german+shepherd,hartebeest
Img-1440.jpg,persian+cat,persian+cat,german+shepherd,impala
Img-1441.jpg,chihuahua,chihuahua,collie,wallaby
Img-1442.jpg,grizzly+bear,buffalo,german+shepherd,badger
Img-1443.jpg,seal,seal,seal,Chihuahua
Img-1444.jpg,walrus,walrus,killer+whale,miniature_pinscher
Img-1445.jpg,raccoon,raccoon,moose,marmot
Img-1446.jpg,horse,horse,horse,Arabian_camel
Img-1447.jpg,seal,seal,seal,miniature_pinscher
Img-1448.jpg,moose,moose,german+shepherd,brown_bear
Img-1449.jpg,moose,moose,horse,skunk
Img-1450.jpg,rhinoceros,rhinoceros,buffalo,muzzle
Img-1451.jpg,persian+cat,persian+cat,persian+cat,Siamese_cat
Img-1452.jpg,horse,horse,dalmatian,red_wolf
Img-1453.jpg,collie,collie,collie,sea_lion
Img-1454.jpg,seal,seal,seal,beaver
Img-1455.jpg,walrus,walrus,seal,horse_cart
Img-1456.jpg,dalmatian,chimpanzee,chimpanzee,sea_lion
Img-1457.jpg,antelope,antelope,moose,Angora
Img-1458.jpg,seal,seal,seal,German_shepherd
Img-1459.jpg,squirrel,squirrel,squirrel,American_black_bear
Img-1460.jpg,killer+whale,killer+whale,seal,Persian_cat
Img-1461.jpg,chimpanzee,beaver,chimpanzee,bison
Img-1462.jpg,seal,seal,otter,fox_squirrel
Img-1463.jpg,persian+cat,persian+cat,persian+cat,sea_lion
Img-1464.jpg,buffalo,buffalo,wolf,ox
Img-1465.jpg,seal,seal,seal,gazelle
Img-1466.jpg,german+shepherd,german+shepherd,horse,cougar
Img-1467.jpg,chimpanzee,beaver,chimpanzee,chainlink_fence
Img-1468.jpg,horse,horse,horse,sorrel
Img-1469.jpg,raccoon,raccoon,german+shepherd,fox_squirrel
Img-1470.jpg,rhinoceros,rhinoceros,antelope,Persian_cat
Img-1471.jpg,bobcat,persian+cat,chimpanzee,wallaby
Img-1472.jpg,chimpanzee,beaver,dalmatian,brown_bear
Img-1473.jpg,dalmatian,chimpanzee,dalmatian,warthog
Img-1474.jpg,squirrel,squirrel,bobcat,fox_squirrel
Img-1475.jpg,seal,seal,walrus,hartebeest
Img-1476.jpg,german+shepherd,german+shepherd,bat,mink
Img-1477.jpg,dalmatian,chimpanzee,grizzly+bear,dalmatian
Img-1478.jpg,persian+cat,persian+cat,raccoon,Ibizan_hound
Img-1479.jpg,chimpanzee,beaver,chimpanzee,warthog
Img-1480.jpg,collie,collie,horse,tiger_cat
Img-1481.jpg,dalmatian,chimpanzee,persian+cat,sorrel
Img-1482.jpg,rhinoceros,rhinoceros,rhinoceros,otter
Img-1483.jpg,squirrel,squirrel,hippopotamus,Indian_elephant
Img-1484.jpg,mole,beaver,weasel,sorrel
Img-1485.jpg,wolf,squirrel,persian+cat,dalmatian
Img-1486.jpg,wolf,squirrel,horse,sorrel
Img-1487.jpg,ox,buffalo,ox,fox_squirrel
Img-1488.jpg,collie,collie,collie,sea_lion
Img-1489.jpg,bobcat,persian+cat,squirrel,sorrel
Img-1490.jpg,wolf,squirrel,wolf,black_swan
Img-1491.jpg,german+shepherd,german+shepherd,horse,wild_boar
Img-1492.jpg,antelope,antelope,antelope,brown_bear
Img-1493.jpg,dalmatian,chimpanzee,dalmatian,Chihuahua
Img-1494.jpg,collie,collie,horse,sorrel
Img-1495.jpg,bobcat,persian+cat,killer+whale,polecat
Img-1496.jpg,german+shepherd,german+shepherd,collie,Siamese_cat
Img-1497.jpg,dalmatian,dalmatian,rat,malinois
Img-1498.jpg,dalmatian,dalmatian,dalmatian,fox_squirrel
Img-1499.jpg,squirrel,squirrel,horse,Indian_elephant
Img-1500.jpg,wolf,squirrel,dalmatian,sorrel
Img-1501.jpg,grizzly+bear,buffalo,grizzly+bear,Border_collie
Img-1502.jpg,collie,collie,collie,German_shepherd
Img-1503.jpg,chimpanzee,beaver,chimpanzee,mongoose
Img-1504.jpg,mole,beaver,otter,hippopotamus
Img-1505.jpg,bat,bat,seal,Saint_Bernard
Img-1506.jpg,collie,collie,collie,Siamese_cat
Img-1507.jpg,persian+cat,persian+cat,horse,sea_lion
Img-1508.jpg,squirrel,squirrel,squirrel,Siamese_cat
Img-1509.jpg,bobcat,persian+cat,bobcat,brown_bear
Img-1510.jpg,moose,moose,moose,timber_wolf
Img-1511.jpg,seal,seal,seal,timber_wolf
Img-1512.jpg,moose,moose,german+shepherd,marmot
Img-1513.jpg,dalmatian,dalmatian,dalmatian,borzoi
Img-1514.jpg,german+shepherd,german+shepherd,german+shepherd,bison
Img-1515.jpg,bat,bat,persian+cat,ashcan
Img-1516.jpg,collie,collie,collie,Persian_cat
Img-1517.jpg,rhinoceros,grizzly+bear,siamese+cat,Persian_cat
Img-1518.jpg,rhinoceros,grizzly+bear,chimpanzee,otter
Img-1519.jpg,rhinoceros,grizzly+bear,rhinoceros,sea_lion
Img-1520.jpg,buffalo,buffalo,hippopotamus,German_shepherd
Img-1521.jpg,german+shepherd,german+shepherd,horse,Irish_water_spaniel
Img-1522.jpg,horse,horse,moose,squirrel_monkey
Img-1523.jpg,walrus,walrus,otter,hamster
Img-1524.jpg,wolf,squirrel,wolf,chimpanzee
Img-1525.jpg,seal,seal,killer+whale,sorrel
Img-1526.jpg,spider+monkey,beaver,chimpanzee,squirrel_monkey
Img-1527.jpg,antelope,antelope,grizzly+bear,dalmatian
Img-1528.jpg,killer+whale,killer+whale,seal,Italian_greyhound
Img-1529.jpg,buffalo,buffalo,buffalo,bison
Img-1530.jpg,mouse,rat,raccoon,impala
Img-1531.jpg,german+shepherd,german+shepherd,bat,bison
Img-1532.jpg,antelope,antelope,antelope,sea_lion
Img-1533.jpg,persian+cat,persian+cat,german+shepherd,lynx
Img-1534.jpg,spider+monkey,beaver,squirrel,German_shepherd
Img-1535.jpg,collie,collie,seal,malinois
Img-1536.jpg,antelope,antelope,antelope,fox_squirrel
Img-1537.jpg,chimpanzee,beaver,spider+monkey,three-toed_sloth
Img-1538.jpg,buffalo,buffalo,ox,schipperke
Img-1539.jpg,squirrel,squirrel,buffalo,lynx
Img-1540.jpg,hippopotamus,hippopotamus,chihuahua,bison
Img-1541.jpg,walrus,walrus,seal,otter
Img-1542.jpg,weasel,weasel,bobcat,fox_squirrel
Img-1543.jpg,buffalo,buffalo,buffalo,Arabian_camel
Img-1544.jpg,hippopotamus,hippopotamus,hippopotamus,fox_squirrel
Img-1545.jpg,antelope,antelope,buffalo,sea_lion
Img-1546.jpg,seal,seal,seal,fox_squirrel
Img-1547.jpg,german+shepherd,german+shepherd,otter,lynx
Img-1548.jpg,horse,horse,horse,horse_cart
Img-1549.jpg,grizzly+bear,buffalo,bat,bison
Img-1550.jpg,buffalo,buffalo,buffalo,water_buffalo
Img-1551.jpg,raccoon,raccoon,raccoon,hippopotamus
Img-1552.jpg,buffalo,buffalo,chimpanzee,tabby
Img-1553.jpg,collie,collie,seal,sorrel
Img-1554.jpg,wolf,squirrel,bobcat,timber_wolf
Img-1555.jpg,moose,moose,german+shepherd,fox_squirrel
Img-1556.jpg,walrus,walrus,german+shepherd,killer_whale
Img-1557.jpg,chihuahua,chihuahua,collie,brown_bear
Img-1558.jpg,persian+cat,persian+cat,persian+cat,Arabian_camel
Img-1559.jpg,horse,horse,horse,lynx
Img-1560.jpg,dalmatian,dalmatian,dalmatian,brown_bear
Img-1561.jpg,siamese+cat,siamese+cat,siamese+cat,bison
Img-1562.jpg,otter,otter,spider+monkey,German_shepherd
Img-1563.jpg,siamese+cat,siamese+cat,seal,water_buffalo
Img-1564.jpg,chimpanzee,beaver,ox,ox
Img-1565.jpg,spider+monkey,beaver,chimpanzee,Siamese_cat
Img-1566.jpg,bat,bat,otter,otter
Img-1567.jpg,collie,collie,persian+cat,kelpie
Img-1568.jpg,antelope,antelope,antelope,sea_lion
Img-1569.jpg,dalmatian,dalmatian,raccoon,tabby
Img-1570.jpg,rhinoceros,grizzly+bear,grizzly+bear,Border_collie
Img-1571.jpg,german+shepherd,german+shepherd,german+shepherd,Eskimo_dog
Img-1572.jpg,rhinoceros,grizzly+bear,hippopotamus,killer_whale
Img-1573.jpg,bobcat,persian+cat,squirrel,warthog
Img-1574.jpg,bat,bat,horse,otter
Img-1575.jpg,bobcat,persian+cat,german+shepherd,gazelle
Img-1576.jpg,horse,horse,raccoon,leatherback_turtle
Img-1577.jpg,horse,horse,horse,vulture
Img-1578.jpg,collie,collie,german+shepherd,brown_bear
Img-1579.jpg,squirrel,squirrel,squirrel,bison
Img-1580.jpg,grizzly+bear,grizzly+bear,seal,bison
Img-1581.jpg,grizzly+bear,grizzly+bear,buffalo,warthog
Img-1582.jpg,dalmatian,dalmatian,chimpanzee,mink
Img-1583.jpg,antelope,antelope,antelope,bison
Img-1584.jpg,seal,seal,seal,impala
Img-1585.jpg,rhinoceros,grizzly+bear,rhinoceros,papillon
Img-1586.jpg,collie,collie,collie,timber_wolf
Img-1587.jpg,siamese+cat,siamese+cat,persian+cat,brown_bear
Img-1588.jpg,buffalo,buffalo,moose,chimpanzee
Img-1589.jpg,weasel,weasel,otter,marmot
Img-1590.jpg,moose,moose,antelope,muzzle
Img-1591.jpg,rhinoceros,grizzly+bear,buffalo,sea_lion
Img-1592.jpg,ox,buffalo,buffalo,bison
Img-1593.jpg,german+shepherd,german+shepherd,german+shepherd,Siamese_cat
Img-1594.jpg,buffalo,buffalo,grizzly+bear,German_shepherd
Img-1595.jpg,chimpanzee,beaver,rat,cock
Img-1596.jpg,collie,collie,german+shepherd,Madagascar_cat
Img-1597.jpg,antelope,antelope,antelope,brown_bear
Img-1598.jpg,chimpanzee,beaver,chimpanzee,Chihuahua
Img-1599.jpg,collie,collie,collie,sea_lion
Img-1600.jpg,moose,moose,beaver,sea_lion
Img-1601.jpg,grizzly+bear,grizzly+bear,grizzly+bear,bison
Img-1602.jpg,grizzly+bear,grizzly+bear,moose,marmot
Img-1603.jpg,wolf,squirrel,antelope,sea_lion
Img-1604.jpg,horse,horse,otter,dalmatian
Img-1605.jpg,grizzly+bear,grizzly+bear,hippopotamus,wallaby
Img-1606.jpg,horse,horse,hippopotamus,wood_rabbit
Img-1607.jpg,beaver,beaver,chimpanzee,hippopotamus
Img-1608.jpg,persian+cat,persian+cat,dalmatian,gazelle
Img-1609.jpg,rhinoceros,grizzly+bear,buffalo,sorrel
Img-1610.jpg,moose,moose,spider+monkey,gazelle
Img-1611.jpg,wolf,squirrel,squirrel,gibbon
Img-1612.jpg,horse,horse,rhinoceros,German_shepherd
Img-1613.jpg,raccoon,raccoon,squirrel,Great_Dane
Img-1614.jpg,collie,collie,collie,German_shepherd
Img-1615.jpg,rhinoceros,grizzly+bear,rhinoceros,black-footed_ferret
Img-1616.jpg,squirrel,squirrel,mouse,ibex
Img-1617.jpg,siamese+cat,siamese+cat,bat,sea_lion
Img-1618.jpg,ox,buffalo,buffalo,squirrel_monkey
Img-1619.jpg,persian+cat,persian+cat,german+shepherd,mousetrap
Img-1620.jpg,ox,buffalo,buffalo,timber_wolf
Img-1621.jpg,squirrel,squirrel,squirrel,Airedale
Img-1622.jpg,rhinoceros,rhinoceros,german+shepherd,wallaby
Img-1623.jpg,otter,otter,otter,chimpanzee
Img-1624.jpg,siamese+cat,siamese+cat,siamese+cat,mousetrap
Img-1625.jpg,collie,collie,collie,toy_terrier
Img-1626.jpg,ox,buffalo,ox,otter
Img-1627.jpg,grizzly+bear,grizzly+bear,hippopotamus,marmot
Img-1628.jpg,hippopotamus,moose,rhinoceros,lynx
Img-1629.jpg,dalmatian,dalmatian,bobcat,koala
Img-1630.jpg,rhinoceros,rhinoceros,rhinoceros,wombat
Img-1631.jpg,otter,otter,otter,ox
Img-1632.jpg,ox,buffalo,buffalo,sea_lion
Img-1633.jpg,ox,buffalo,ox,chimpanzee
Img-1634.jpg,killer+whale,killer+whale,killer+whale,gazelle
Img-1635.jpg,squirrel,squirrel,antelope,triceratops
Img-1636.jpg,dalmatian,dalmatian,chimpanzee,bison
Img-1637.jpg,horse,horse,german+shepherd,timber_wolf
Img-1638.jpg,moose,moose,moose,tabby
Img-1639.jpg,squirrel,squirrel,squirrel,groenendael
Img-1640.jpg,otter,otter,walrus,Scottish_deerhound
Img-1641.jpg,bobcat,persian+cat,collie,megalith
Img-1642.jpg,dalmatian,dalmatian,dalmatian,bearskin
Img-1643.jpg,otter,otter,otter,kit_fox
Img-1644.jpg,siamese+cat,siamese+cat,siamese+cat,ox
Img-1645.jpg,squirrel,squirrel,chimpanzee,otter
Img-1646.jpg,antelope,horse,antelope,sorrel
Img-1647.jpg,squirrel,squirrel,squirrel,bison
Img-1648.jpg,chihuahua,chihuahua,chihuahua,Chihuahua
Img-1649.jpg,rat,rat,collie,marmot
Img-1650.jpg,beaver,beaver,antelope,Persian_cat
Img-1651.jpg,ox,buffalo,seal,sea_lion
Img-1652.jpg,hippopotamus,moose,hippopotamus,sorrel
Img-1653.jpg,grizzly+bear,grizzly+bear,hippopotamus,night_snake
Img-1654.jpg,ox,buffalo,horse,beaver
Img-1655.jpg,bobcat,persian+cat,otter,bison
Img-1656.jpg,antelope,horse,antelope,Siamese_cat
Img-1657.jpg,beaver,beaver,weasel,German_shepherd
Img-1658.jpg,walrus,walrus,chimpanzee,mink
Img-1659.jpg,mole,beaver,raccoon,Indian_elephant
Img-1660.jpg,dalmatian,dalmatian,horse,mountain_bike
Img-1661.jpg,chimpanzee,spider+monkey,chimpanzee,impala
Img-1662.jpg,moose,moose,hippopotamus,water_buffalo
Img-1663.jpg,persian+cat,persian+cat,bobcat,macaw
Img-1664.jpg,horse,horse,horse,Old_English_sheepdog
Img-1665.jpg,squirrel,spider+monkey,squirrel,timber_wolf
Img-1666.jpg,seal,seal,seal,hippopotamus
Img-1667.jpg,chihuahua,chihuahua,grizzly+bear,sea_lion
Img-1668.jpg,ox,buffalo,buffalo,spider_monkey
Img-1669.jpg,german+shepherd,german+shepherd,german+shepherd,hippopotamus
Img-1670.jpg,walrus,walrus,otter,miniature_pinscher
Img-1671.jpg,walrus,walrus,siamese+cat,lynx
Img-1672.jpg,horse,horse,horse,fox_squirrel
Img-1673.jpg,squirrel,spider+monkey,squirrel,kelpie
Img-1674.jpg,spider+monkey,spider+monkey,spider+monkey,gazelle
Img-1675.jpg,horse,horse,ox,weasel
Img-1676.jpg,grizzly+bear,grizzly+bear,grizzly+bear,lynx
Img-1677.jpg,seal,seal,seal,otter
Img-1678.jpg,seal,seal,seal,ox
Img-1679.jpg,otter,otter,otter,gazelle
Img-1680.jpg,killer+whale,killer+whale,ox,bison
Img-1681.jpg,dalmatian,dalmatian,wolf,bison
Img-1682.jpg,bobcat,persian+cat,rhinoceros,parallel_bars
Img-1683.jpg,persian+cat,persian+cat,siamese+cat,hartebeest
Img-1684.jpg,german+shepherd,german+shepherd,german+shepherd,Siamese_cat
Img-1685.jpg,chimpanzee,spider+monkey,hippopotamus,stingray
Img-1686.jpg,chimpanzee,spider+monkey,bobcat,Persian_cat
Img-1687.jpg,grizzly+bear,grizzly+bear,grizzly+bear,bison
Img-1688.jpg,chimpanzee,spider+monkey,chimpanzee,sorrel
Img-1689.jpg,mouse,rat,antelope,otter
Img-1690.jpg,ox,buffalo,ox,German_shepherd
Img-1691.jpg,wolf,squirrel,wolf,schipperke
Img-1692.jpg,moose,moose,chimpanzee,dugong
Img-1693.jpg,seal,seal,antelope,German_shepherd
Img-1694.jpg,horse,horse,horse,weasel
Img-1695.jpg,chimpanzee,spider+monkey,chimpanzee,broom
Img-1696.jpg,grizzly+bear,grizzly+bear,seal,dalmatian
Img-1697.jpg,killer+whale,killer+whale,killer+whale,hippopotamus
Img-1698.jpg,collie,collie,beaver,killer_whale
Img-1699.jpg,grizzly+bear,grizzly+bear,grizzly+bear,basenji
Img-1700.jpg,horse,horse,horse,bison
Img-1701.jpg,hippopotamus,moose,chimpanzee,white_wolf
Img-1702.jpg,antelope,horse,squirrel,Persian_cat
Img-1703.jpg,chihuahua,chihuahua,persian+cat,gazelle
Img-1704.jpg,dalmatian,dalmatian,dalmatian,Chihuahua
Img-1705.jpg,wolf,bobcat,ox,Afghan_hound
Img-1706.jpg,grizzly+bear,grizzly+bear,wolf,German_shepherd
Img-1707.jpg,otter,otter,chimpanzee,Arabian_camel
Img-1708.jpg,hippopotamus,moose,squirrel,Persian_cat
Img-1709.jpg,grizzly+bear,grizzly+bear,chimpanzee,sea_lion
Img-1710.jpg,squirrel,spider+monkey,horse,water_buffalo
Img-1711.jpg,persian+cat,persian+cat,buffalo,sea_lion
Img-1712.jpg,grizzly+bear,grizzly+bear,moose,brown_bear
Img-1713.jpg,moose,moose,otter,bison
Img-1714.jpg,buffalo,buffalo,horse,sea_lion
Img-1715.jpg,antelope,horse,spider+monkey,sea_lion
Img-1716.jpg,wolf,bobcat,wolf,sea_lion
Img-1717.jpg,raccoon,raccoon,chimpanzee,Chihuahua
Img-1718.jpg,buffalo,buffalo,ox,white_wolf
Img-1719.jpg,hippopotamus,moose,horse,lakeside
Img-1720.jpg,ox,buffalo,ox,timber_wolf
Img-1721.jpg,german+shepherd,german+shepherd,siamese+cat,brown_bear
Img-1722.jpg,dalmatian,dalmatian,dalmatian,mongoose
Img-1723.jpg,dalmatian,dalmatian,dalmatian,chimpanzee
Img-1724.jpg,grizzly+bear,grizzly+bear,grizzly+bear,mongoose
Img-1725.jpg,chimpanzee,spider+monkey,chimpanzee,bison
Img-1726.jpg,weasel,weasel,mole,Saint_Bernard
Img-1727.jpg,buffalo,buffalo,buffalo,hare
Img-1728.jpg,siamese+cat,siamese+cat,german+shepherd,Border_collie
Img-1729.jpg,horse,horse,antelope,chimpanzee
Img-1730.jpg,horse,horse,bobcat,hippopotamus
Img-1731.jpg,german+shepherd,german+shepherd,collie,collie
Img-1732.jpg,dalmatian,dalmatian,dalmatian,chimpanzee
Img-1733.jpg,chimpanzee,spider+monkey,wolf,ox
Img-1734.jpg,horse,horse,horse,German_shepherd
Img-1735.jpg,horse,horse,horse,lynx
Img-1736.jpg,chihuahua,chihuahua,squirrel,sea_lion
Img-1737.jpg,bobcat,persian+cat,bobcat,llama
Img-1738.jpg,hippopotamus,moose,hippopotamus,horse_cart
Img-1739.jpg,german+shepherd,german+shepherd,buffalo,chimpanzee
Img-1740.jpg,bobcat,persian+cat,bobcat,brown_bear
Img-1741.jpg,squirrel,spider+monkey,siamese+cat,bison
Img-1742.jpg,squirrel,spider+monkey,otter,sea_lion
Img-1743.jpg,seal,seal,seal,dalmatian
Img-1744.jpg,german+shepherd,german+shepherd,german+shepherd,hippopotamus
Img-1745.jpg,chihuahua,chihuahua,german+shepherd,keeshond
Img-1746.jpg,buffalo,buffalo,buffalo,hippopotamus
Img-1747.jpg,buffalo,buffalo,rhinoceros,dalmatian
Img-1748.jpg,horse,horse,horse,leatherback_turtle
Img-1749.jpg,seal,seal,seal,gazelle
Img-1750.jpg,antelope,horse,antelope,tiger_cat
Img-1751.jpg,antelope,horse,antelope,dogsled
Img-1752.jpg,hippopotamus,moose,horse,hippopotamus
Img-1753.jpg,seal,seal,seal,Border_collie
Img-1754.jpg,horse,horse,horse,German_shepherd
Img-1755.jpg,rat,rat,squirrel,black-footed_ferret
Img-1756.jpg,collie,collie,chimpanzee,lynx
Img-1757.jpg,rat,rat,squirrel,promontory
Img-1758.jpg,buffalo,buffalo,buffalo,chimpanzee
Img-1759.jpg,beaver,beaver,otter,wallaby
Img-1760.jpg,buffalo,buffalo,weasel,baboon
Img-1761.jpg,buffalo,buffalo,buffalo,fox_squirrel
Img-1762.jpg,chimpanzee,spider+monkey,bobcat,mousetrap
Img-1763.jpg,dalmatian,dalmatian,dalmatian,water_buffalo
Img-1764.jpg,weasel,weasel,squirrel,bison
Img-1765.jpg,german+shepherd,german+shepherd,siamese+cat,Indian_elephant
Img-1766.jpg,squirrel,spider+monkey,persian+cat,otter
Img-1767.jpg,horse,horse,horse,ox
Img-1768.jpg,wolf,bobcat,chimpanzee,dalmatian
Img-1769.jpg,horse,horse,horse,Madagascar_cat
Img-1770.jpg,german+shepherd,german+shepherd,horse,grey_whale
Img-1771.jpg,hippopotamus,moose,squirrel,ox
Img-1772.jpg,horse,horse,horse,Siamese_cat
Img-1773.jpg,seal,seal,otter,ox
Img-1774.jpg,otter,otter,hippopotamus,triceratops
Img-1775.jpg,wolf,bobcat,hippopotamus,hippopotamus
Img-1776.jpg,ox,buffalo,horse,sea_lion
Img-1777.jpg,hippopotamus,moose,hippopotamus,impala
Img-1778.jpg,ox,buffalo,moose,hook
Img-1779.jpg,dalmatian,dalmatian,horse,borzoi
Img-1780.jpg,collie,collie,german+shepherd,chimpanzee
Img-1781.jpg,rhinoceros,rhinoceros,buffalo,wallaby
Img-1782.jpg,wolf,bobcat,squirrel,chimpanzee
Img-1783.jpg,killer+whale,killer+whale,killer+whale,chimpanzee
Img-1784.jpg,weasel,weasel,siamese+cat,Chihuahua
Img-1785.jpg,collie,collie,persian+cat,killer_whale
Img-1786.jpg,moose,moose,antelope,coyote
Img-1787.jpg,weasel,weasel,weasel,bison
Img-1788.jpg,collie,collie,collie,ox
Img-1789.jpg,walrus,walrus,hippopotamus,chimpanzee
Img-1790.jpg,seal,seal,seal,Bernese_mountain_dog
Img-1791.jpg,chihuahua,chihuahua,persian+cat,gorilla
Img-1792.jpg,seal,seal,seal,keeshond
Img-1793.jpg,horse,horse,horse,koala
Img-1794.jpg,chimpanzee,spider+monkey,chimpanzee,swing
Img-1795.jpg,rhinoceros,rhinoceros,rhinoceros,hippopotamus
Img-1796.jpg,german+shepherd,german+shepherd,wolf,hippopotamus
Img-1797.jpg,horse,horse,horse,hippopotamus
Img-1798.jpg,chimpanzee,spider+monkey,chimpanzee,brown_bear
Img-1799.jpg,weasel,weasel,rhinoceros,sorrel
Img-1800.jpg,seal,seal,collie,sea_lion
Img-1801.jpg,dalmatian,dalmatian,dalmatian,Doberman
Img-1802.jpg,hippopotamus,moose,siamese+cat,badger
Img-1803.jpg,hippopotamus,moose,hippopotamus,Shetland_sheepdog
Img-1804.jpg,rhinoceros,rhinoceros,rhinoceros,lynx
Img-1805.jpg,collie,collie,antelope,fox_squirrel
Img-1806.jpg,seal,seal,seal,hippopotamus
Img-1807.jpg,buffalo,buffalo,buffalo,sea_lion
Img-1808.jpg,german+shepherd,german+shepherd,german+shepherd,Border_collie
Img-1809.jpg,bobcat,persian+cat,bobcat,sorrel
Img-1810.jpg,german+shepherd,german+shepherd,chimpanzee,polecat
Img-1811.jpg,ox,buffalo,buffalo,grey_fox
Img-1812.jpg,german+shepherd,german+shepherd,siamese+cat,otter
Img-1813.jpg,raccoon,raccoon,raccoon,bison
Img-1814.jpg,german+shepherd,german+shepherd,weasel,plow
Img-1815.jpg,moose,moose,german+shepherd,lynx
Img-1816.jpg,siamese+cat,siamese+cat,persian+cat,lynx
Img-1817.jpg,moose,moose,moose,Tibetan_terrier
Img-1818.jpg,german+shepherd,german+shepherd,german+shepherd,spider_monkey
Img-1819.jpg,seal,seal,buffalo,otter
Img-1820.jpg,mole,beaver,chimpanzee,hippopotamus
Img-1821.jpg,persian+cat,persian+cat,wolf,hippopotamus
Img-1822.jpg,otter,otter,grizzly+bear,gibbon
Img-1823.jpg,antelope,horse,antelope,sorrel
Img-1824.jpg,seal,seal,spider+monkey,timber_wolf
Img-1825.jpg,german+shepherd,german+shepherd,german+shepherd,ram
Img-1826.jpg,mole,beaver,collie,miniature_pinscher
Img-1827.jpg,german+shepherd,german+shepherd,horse,chimpanzee
Img-1828.jpg,collie,collie,german+shepherd,sorrel
Img-1829.jpg,hippopotamus,moose,hippopotamus,bison
Img-1830.jpg,moose,moose,chimpanzee,ibex
Img-1831.jpg,horse,horse,chimpanzee,ox
Img-1832.jpg,horse,horse,horse,Bouvier_des_Flandres
Img-1833.jpg,persian+cat,persian+cat,rat,ram
Img-1834.jpg,collie,collie,killer+whale,bison
Img-1835.jpg,bobcat,persian+cat,antelope,guenon
Img-1836.jpg,antelope,horse,antelope,Persian_cat
Img-1837.jpg,horse,horse,rat,hippopotamus
Img-1838.jpg,hippopotamus,moose,ox,water_buffalo
Img-1839.jpg,hippopotamus,moose,hippopotamus,Arabian_camel
Img-1840.jpg,squirrel,spider+monkey,weasel,wood_rabbit
Img-1841.jpg,antelope,horse,antelope,horse_cart
Img-1842.jpg,siamese+cat,siamese+cat,collie,howler_monkey
Img-1843.jpg,grizzly+bear,grizzly+bear,grizzly+bear,ram
Img-1844.jpg,seal,seal,chimpanzee,lynx
Img-1845.jpg,horse,horse,horse,llama
Img-1846.jpg,chihuahua,chihuahua,chihuahua,hippopotamus
Img-1847.jpg,seal,seal,raccoon,marmot
Img-1848.jpg,hippopotamus,moose,hippopotamus,ox
Img-1849.jpg,collie,collie,horse,hippopotamus
Img-1850.jpg,antelope,antelope,antelope,Gordon_setter
Img-1851.jpg,persian+cat,persian+cat,persian+cat,Chihuahua
Img-1852.jpg,wolf,wolf,bobcat,ox
Img-1853.jpg,wolf,wolf,chihuahua,Border_collie
Img-1854.jpg,beaver,beaver,squirrel,triceratops
Img-1855.jpg,wolf,wolf,grizzly+bear,Persian_cat
Img-1856.jpg,dalmatian,dalmatian,dalmatian,fox_squirrel
Img-1857.jpg,bat,bobcat,bat,lynx
Img-1858.jpg,killer+whale,killer+whale,killer+whale,hippopotamus
Img-1859.jpg,dalmatian,dalmatian,collie,Border_collie
Img-1860.jpg,collie,collie,chimpanzee,Leonberg
Img-1861.jpg,siamese+cat,siamese+cat,antelope,ram
Img-1862.jpg,dalmatian,dalmatian,rhinoceros,Irish_terrier
Img-1863.jpg,squirrel,spider+monkey,squirrel,groenendael
Img-1864.jpg,bobcat,persian+cat,grizzly+bear,sea_lion
Img-1865.jpg,collie,collie,siamese+cat,sea_lion
Img-1866.jpg,walrus,walrus,buffalo,Indian_elephant
Img-1867.jpg,horse,horse,german+shepherd,Persian_cat
Img-1868.jpg,hippopotamus,moose,seal,warthog
Img-1869.jpg,siamese+cat,siamese+cat,rat,bison
Img-1870.jpg,bobcat,persian+cat,otter,hamster
Img-1871.jpg,bobcat,persian+cat,bobcat,water_buffalo
Img-1872.jpg,buffalo,buffalo,grizzly+bear,Persian_cat
Img-1873.jpg,chimpanzee,spider+monkey,buffalo,German_shepherd
Img-1874.jpg,squirrel,spider+monkey,squirrel,water_buffalo
Img-1875.jpg,bobcat,persian+cat,rhinoceros,Afghan_hound
Img-1876.jpg,bobcat,bobcat,walrus,sorrel
Img-1877.jpg,mouse,rat,horse,chimpanzee
Img-1878.jpg,persian+cat,persian+cat,persian+cat,paddle
Img-1879.jpg,buffalo,ox,buffalo,tusker
Img-1880.jpg,buffalo,ox,grizzly+bear,wood_rabbit
Img-1881.jpg,ox,ox,ox,Persian_cat
Img-1882.jpg,horse,horse,horse,hartebeest
Img-1883.jpg,rhinoceros,rhinoceros,rhinoceros,gazelle
Img-1884.jpg,german+shepherd,german+shepherd,german+shepherd,Italian_greyhound
Img-1885.jpg,horse,horse,horse,Scottish_deerhound
Img-1886.jpg,weasel,killer+whale,bobcat,weasel
Img-1887.jpg,siamese+cat,siamese+cat,siamese+cat,hyena
Img-1888.jpg,grizzly+bear,grizzly+bear,grizzly+bear,hippopotamus
Img-1889.jpg,hippopotamus,moose,hippopotamus,dalmatian
Img-1890.jpg,rhinoceros,rhinoceros,buffalo,mongoose
Img-1891.jpg,chihuahua,chihuahua,chihuahua,chimpanzee
Img-1892.jpg,horse,horse,horse,sorrel
Img-1893.jpg,grizzly+bear,grizzly+bear,seal,Persian_cat
Img-1894.jpg,horse,horse,horse,sorrel
Img-1895.jpg,seal,seal,hippopotamus,water_buffalo
Img-1896.jpg,chimpanzee,spider+monkey,german+shepherd,otter
Img-1897.jpg,chimpanzee,spider+monkey,grizzly+bear,hamster
Img-1898.jpg,seal,seal,seal,sea_lion
Img-1899.jpg,otter,otter,squirrel,hamster
Img-1900.jpg,spider+monkey,spider+monkey,chimpanzee,oxcart
Img-1901.jpg,grizzly+bear,grizzly+bear,wolf,impala
Img-1902.jpg,squirrel,spider+monkey,moose,collie
Img-1903.jpg,chihuahua,chihuahua,chihuahua,German_shepherd
Img-1904.jpg,bobcat,bobcat,bobcat,gazelle
Img-1905.jpg,killer+whale,killer+whale,killer+whale,mousetrap
Img-1906.jpg,killer+whale,killer+whale,killer+whale,Siamese_cat
Img-1907.jpg,grizzly+bear,grizzly+bear,grizzly+bear,ox
Img-1908.jpg,german+shepherd,german+shepherd,ox,gazelle
Img-1909.jpg,collie,collie,chihuahua,platypus
Img-1910.jpg,buffalo,ox,ox,fox_squirrel
Img-1911.jpg,antelope,antelope,antelope,Australian_terrier
Img-1912.jpg,killer+whale,killer+whale,killer+whale,beaver
Img-1913.jpg,antelope,antelope,rhinoceros,chimpanzee
Img-1914.jpg,squirrel,spider+monkey,grizzly+bear,otter
Img-1915.jpg,otter,otter,otter,water_buffalo
Img-1916.jpg,antelope,antelope,antelope,ram
Img-1917.jpg,persian+cat,siamese+cat,persian+cat,timber_wolf
Img-1918.jpg,wolf,wolf,wolf,beaver
Img-1919.jpg,hippopotamus,moose,hippopotamus,brown_bear
Img-1920.jpg,bat,bobcat,bat,lynx
Img-1921.jpg,siamese+cat,siamese+cat,persian+cat,American_black_bear
Img-1922.jpg,squirrel,weasel,weasel,groenendael
Img-1923.jpg,dalmatian,dalmatian,hippopotamus,timber_wolf
Img-1924.jpg,rhinoceros,rhinoceros,rhinoceros,gazelle
Img-1925.jpg,raccoon,raccoon,squirrel,African_elephant
Img-1926.jpg,siamese+cat,siamese+cat,bobcat,dalmatian
Img-1927.jpg,german+shepherd,german+shepherd,german+shepherd,sea_lion
Img-1928.jpg,moose,moose,grizzly+bear,otter
Img-1929.jpg,otter,otter,seal,sea_lion
Img-1930.jpg,german+shepherd,german+shepherd,siamese+cat,ox
Img-1931.jpg,dalmatian,dalmatian,dalmatian,bison
Img-1932.jpg,dalmatian,dalmatian,dalmatian,chimpanzee
Img-1933.jpg,german+shepherd,german+shepherd,german+shepherd,gazelle
Img-1934.jpg,hippopotamus,moose,otter,bison
Img-1935.jpg,persian+cat,siamese+cat,persian+cat,black-footed_ferret
Img-1936.jpg,raccoon,raccoon,horse,gazelle
Img-1937.jpg,spider+monkey,spider+monkey,spider+monkey,conch
Img-1938.jpg,seal,seal,seal,weasel
Img-1939.jpg,german+shepherd,german+shepherd,horse,bison
Img-1940.jpg,mouse,rat,bobcat,malinois
Img-1941.jpg,dalmatian,dalmatian,weasel,sea_lion
Img-1942.jpg,antelope,antelope,antelope,ox
Img-1943.jpg,raccoon,raccoon,squirrel,fox_squirrel
Img-1944.jpg,siamese+cat,siamese+cat,horse,otter
Img-1945.jpg,collie,collie,horse,albatross
Img-1946.jpg,mouse,rat,german+shepherd,cheetah
Img-1947.jpg,persian+cat,siamese+cat,persian+cat,ox
Img-1948.jpg,weasel,killer+whale,collie,bison
Img-1949.jpg,german+shepherd,german+shepherd,dalmatian,wallaby
Img-1950.jpg,persian+cat,siamese+cat,chihuahua,Siamese_cat
Img-1951.jpg,seal,seal,seal,sea_lion
Img-1952.jpg,rat,rat,persian+cat,bison
Img-1953.jpg,german+shepherd,german+shepherd,chimpanzee,Cardigan
Img-1954.jpg,mole,beaver,squirrel,timber_wolf
Img-1955.jpg,bobcat,bobcat,squirrel,Arabian_camel
Img-1956.jpg,buffalo,ox,buffalo,lynx
Img-1957.jpg,rhinoceros,rhinoceros,rhinoceros,sorrel
Img-1958.jpg,raccoon,raccoon,raccoon,coyote
Img-1959.jpg,hippopotamus,moose,hippopotamus,bison
Img-1960.jpg,squirrel,weasel,persian+cat,parachute
Img-1961.jpg,chimpanzee,spider+monkey,squirrel,hippopotamus
Img-1962.jpg,collie,collie,chihuahua,Persian_cat
Img-1963.jpg,hippopotamus,moose,hippopotamus,chimpanzee
Img-1964.jpg,buffalo,ox,buffalo,Persian_cat
Img-1965.jpg,squirrel,weasel,raccoon,bannister
Img-1966.jpg,squirrel,weasel,german+shepherd,spider_monkey
Img-1967.jpg,seal,seal,seal,lynx
Img-1968.jpg,spider+monkey,spider+monkey,bat,mongoose
Img-1969.jpg,mole,beaver,persian+cat,German_shepherd
Img-1970.jpg,antelope,antelope,antelope,brown_bear
Img-1971.jpg,rhinoceros,rhinoceros,rhinoceros,saltshaker
Img-1972.jpg,rhinoceros,rhinoceros,buffalo,groenendael
Img-1973.jpg,squirrel,weasel,squirrel,mongoose
Img-1974.jpg,antelope,antelope,squirrel,timber_wolf
Img-1975.jpg,siamese+cat,siamese+cat,seal,sorrel
Img-1976.jpg,grizzly+bear,grizzly+bear,buffalo,pole
Img-1977.jpg,seal,seal,seal,brown_bear
Img-1978.jpg,hippopotamus,moose,hippopotamus,sorrel
Img-1979.jpg,persian+cat,siamese+cat,persian+cat,Kerry_blue_terrier
Img-1980.jpg,bat,bobcat,squirrel,mongoose
Img-1981.jpg,squirrel,weasel,wolf,bison
Img-1982.jpg,grizzly+bear,grizzly+bear,grizzly+bear,sea_lion
Img-1983.jpg,horse,horse,german+shepherd,brown_bear
Img-1984.jpg,wolf,wolf,weasel,bison
Img-1985.jpg,german+shepherd,german+shepherd,chimpanzee,chimpanzee
Img-1986.jpg,otter,otter,seal,ibex
Img-1987.jpg,rhinoceros,rhinoceros,buffalo,fox_squirrel
Img-1988.jpg,persian+cat,siamese+cat,persian+cat,stingray
Img-1989.jpg,hippopotamus,hippopotamus,hippopotamus,lesser_panda
Img-1990.jpg,hippopotamus,hippopotamus,otter,sorrel
Img-1991.jpg,otter,otter,otter,sorrel
Img-1992.jpg,buffalo,ox,buffalo,llama
Img-1993.jpg,rhinoceros,rhinoceros,ox,lynx
Img-1994.jpg,german+shepherd,german+shepherd,grizzly+bear,sorrel
Img-1995.jpg,persian+cat,siamese+cat,persian+cat,hippopotamus
Img-1996.jpg,antelope,antelope,antelope,fox_squirrel
Img-1997.jpg,squirrel,weasel,squirrel,killer_whale
Img-1998.jpg,seal,seal,killer+whale,lesser_panda
Img-1999.jpg,antelope,antelope,antelope,mousetrap
Img-2000.jpg,siamese+cat,siamese+cat,siamese+cat,chimpanzee
Accuracy,100,0.729,0.4045,?
